"ActualTime {""replication"":{""duration-period"":""P7M"",""offset-date"":""2013-04-29"",""random-seed"":1100082332736,""setup-name"":""run1""},""epidemiology"":{""pathogen"":{""average-recovery-period"":""14 day"",""average-reproduction-period"":""12 day"",""beta-factor"":1,""last-outbreak-end-date"":""2000-06-30"",""next-outbreak-start-date"":""2013-05-07T08:09:10""},""vaccination"":{""acceptance-evaluator"":""nl.rivm.cib.demo.DemoModel$Medical$VaxAcceptanceEvaluator$Average"",""occasion"":{""affinity-dist"":""const(0.5)"",""clarity-dist"":""const(0.5)"",""proximity-dist"":""const(0.5)"",""recurrence"":""0 0 10 ? * MON-FRI *"",""utility-dist"":""const(0.5)""},""treatment-delay-dist"":""normal(0.5 week; 1.85 week)""}},""mobility"":{""society-goals"":{""career"":{""age-filter"":""[12.5 year; 70 year]"",""convene-timing"":""0 0 9 ? * MON-FRI"",""duration-dist"":""const(8 hr)"",""site-scope-km"":3E+1},""consort"":{""age-filter"":""[0 year; +inf)"",""capacity-dist"":""const( 200 )"",""convene-timing"":""0 0 14 ? * SUN"",""duration-dist"":""const(3 hr)"",""site-scope-km"":5E+1},""junior"":{""age-filter"":""[.5 year; 12.5 year]"",""convene-timing"":""0 0 8 ? * MON-FRI"",""duration-dist"":""const(6 hr)""},""leisure"":{""age-filter"":""[4 year; 70 year]"",""capacity-dist"":""tria( 50; 100; 200 )"",""convene-timing"":""0 0 11 ? * SAT"",""duration-dist"":""const(3 hr)"",""site-scope-km"":1E+1},""senior"":{""age-filter"":""[70 year; +inf)"",""capacity-dist"":""const( 100 )"",""convene-timing"":""0 0 10 ? * TUE-THU"",""duration-dist"":""const(5 hr)"",""site-scope-km"":1E+1}}},""demography"":{""hh-age-timeseries"":""dist/71486ned-TS-2010-2016.json"",""hh-birth-timeseries"":""dist/37201_TS_2010_2015.json"",""hh-dynamics-timeseries"":""dist/37230ned_TS_2012_2017.json"",""hh-partner-age-delta-dist"":""normal(-2 year; 2 year)"",""hh-partner-age-delta-range"":""[-5 year; 1 year]"",""pop-male-freq"":0.5,""population-size"":1E+5,""population-size-ref"":1.7E+7,""regional-resolution"":""MUNICIPAL""},""geography"":{""home-sites"":""dist/gm_pc6_centroid_density.json"",""primary-schools"":""dist/gm_pc4_po_pupils.json""},""hesitancy"":null}";VirtualTime;SUSCEPTIBLE;INFECTIVE;RECOVERED;VACCINATED;S_GG0111;S_GG0706;S_GG1009;S_GG1106;S_GG1413;S_GG1911;S_GG2014;S_GG2209;S_GG2514;S_GG2707;S_GG3109;S_GG3406;S_GG3606;S_GG4506;S_GG4607;S_GG4816;S_GG5006;S_GG5206;S_GG5406;S_GG5608;S_GG6011;S_GG6106;S_GG7014;S_GG7206;S_GG7306;I_GG0111;I_GG0706;I_GG1009;I_GG1106;I_GG1413;I_GG1911;I_GG2014;I_GG2209;I_GG2514;I_GG2707;I_GG3109;I_GG3406;I_GG3606;I_GG4506;I_GG4607;I_GG4816;I_GG5006;I_GG5206;I_GG5406;I_GG5608;I_GG6011;I_GG6106;I_GG7014;I_GG7206;I_GG7306;R_GG0111;R_GG0706;R_GG1009;R_GG1106;R_GG1413;R_GG1911;R_GG2014;R_GG2209;R_GG2514;R_GG2707;R_GG3109;R_GG3406;R_GG3606;R_GG4506;R_GG4607;R_GG4816;R_GG5006;R_GG5206;R_GG5406;R_GG5608;R_GG6011;R_GG6106;R_GG7014;R_GG7206;R_GG7306;V_GG0111;V_GG0706;V_GG1009;V_GG1106;V_GG1413;V_GG1911;V_GG2014;V_GG2209;V_GG2514;V_GG2707;V_GG3109;V_GG3406;V_GG3606;V_GG4506;V_GG4607;V_GG4816;V_GG5006;V_GG5206;V_GG5406;V_GG5608;V_GG6011;V_GG6106;V_GG7014;V_GG7206;V_GG7306
2017-12-19T13:36:57.994;2013-04-29;16956;0;0;83045;560;510;585;671;767;736;584;486;1328;614;546;934;234;839;1215;503;357;691;1068;711;460;514;1067;693;283;0;0;0;0;0;0;0;0;0;0;0;0;0;0;0;0;0;0;0;0;0;0;0;0;0;0;0;0;0;0;0;0;0;0;0;0;0;0;0;0;0;0;0;0;0;0;0;0;0;0;3087;2439;2532;3106;3954;3371;2661;1943;6228;3096;2572;5037;1155;3940;6005;2289;1859;3474;5057;3664;2428;3080;5250;3332;1486
2017-12-19T13:36:59.967;2013-04-29;5248;0;0;94754;161;133;185;214;220;261;195;159;424;179;180;300;64;255;376;165;92;215;349;227;149;152;306;198;89;0;0;0;0;0;0;0;0;0;0;0;0;0;0;0;0;0;0;0;0;0;0;0;0;0;0;0;0;0;0;0;0;0;0;0;0;0;0;0;0;0;0;0;0;0;0;0;0;0;0;3486;2816;2932;3563;4501;3846;3050;2270;7132;3531;2938;5671;1325;4525;6844;2627;2124;3950;5776;4148;2739;3442;6011;3827;1680
2017-12-19T13:37:01.073;2013-04-30;5242;0;0;94761;160;133;184;213;220;261;195;159;424;179;181;299;64;254;375;166;92;215;347;227;149;152;306;198;89;0;0;0;0;0;0;0;0;0;0;0;0;0;0;0;0;0;0;0;0;0;0;0;0;0;0;0;0;0;0;0;0;0;0;0;0;0;0;0;0;0;0;0;0;0;0;0;0;0;0;3487;2816;2933;3564;4501;3846;3050;2270;7132;3531;2937;5672;1325;4526;6844;2627;2125;3950;5778;4148;2739;3442;6011;3827;1680
2017-12-19T13:37:02.062;2013-05-01;5237;0;0;94764;158;133;184;213;220;261;195;159;424;179;182;299;63;253;375;166;92;215;347;226;149;152;305;198;89;0;0;0;0;0;0;0;0;0;0;0;0;0;0;0;0;0;0;0;0;0;0;0;0;0;0;0;0;0;0;0;0;0;0;0;0;0;0;0;0;0;0;0;0;0;0;0;0;0;0;3488;2815;2933;3564;4501;3846;3050;2270;7133;3531;2936;5672;1326;4527;6843;2627;2125;3950;5778;4149;2739;3442;6012;3827;1680
2017-12-19T13:37:02.927;2013-05-02;5234;0;0;94765;158;133;184;213;220;261;196;159;423;180;182;299;63;252;375;166;92;214;347;226;147;152;305;198;89;0;0;0;0;0;0;0;0;0;0;0;0;0;0;0;0;0;0;0;0;0;0;0;0;0;0;0;0;0;0;0;0;0;0;0;0;0;0;0;0;0;0;0;0;0;0;0;0;0;0;3488;2815;2933;3564;4501;3845;3050;2270;7133;3531;2936;5671;1326;4528;6843;2627;2125;3951;5778;4148;2741;3442;6012;3827;1680
2017-12-19T13:37:03.861;2013-05-03;5233;0;0;94765;158;132;184;213;220;261;196;159;423;180;182;298;63;252;374;166;92;215;347;226;147;152;306;198;89;0;0;0;0;0;0;0;0;0;0;0;0;0;0;0;0;0;0;0;0;0;0;0;0;0;0;0;0;0;0;0;0;0;0;0;0;0;0;0;0;0;0;0;0;0;0;0;0;0;0;3488;2816;2933;3564;4501;3845;3050;2270;7133;3530;2936;5672;1326;4528;6843;2627;2125;3951;5778;4148;2741;3442;6012;3826;1680
2017-12-19T13:37:04.558;2013-05-04;5231;0;0;94775;158;132;184;213;219;260;195;159;423;180;182;297;63;255;374;166;92;215;347;226;147;152;306;197;89;0;0;0;0;0;0;0;0;0;0;0;0;0;0;0;0;0;0;0;0;0;0;0;0;0;0;0;0;0;0;0;0;0;0;0;0;0;0;0;0;0;0;0;0;0;0;0;0;0;0;3488;2816;2933;3564;4502;3846;3049;2270;7134;3530;2936;5673;1326;4528;6845;2627;2125;3955;5778;4148;2741;3442;6012;3827;1680
2017-12-19T13:37:05.288;2013-05-05;5230;0;0;94776;158;132;183;213;220;260;195;159;423;180;182;297;63;256;374;166;92;215;345;226;147;152;305;198;89;0;0;0;0;0;0;0;0;0;0;0;0;0;0;0;0;0;0;0;0;0;0;0;0;0;0;0;0;0;0;0;0;0;0;0;0;0;0;0;0;0;0;0;0;0;0;0;0;0;0;3488;2816;2934;3564;4502;3846;3049;2270;7134;3530;2936;5673;1326;4528;6845;2627;2125;3954;5780;4148;2741;3442;6012;3826;1680
2017-12-19T13:37:06.246;2013-05-06;5224;0;0;94785;158;132;183;213;219;259;194;159;423;180;182;297;63;256;374;166;92;214;345;226;147;151;304;198;89;0;0;0;0;0;0;0;0;0;0;0;0;0;0;0;0;0;0;0;0;0;0;0;0;0;0;0;0;0;0;0;0;0;0;0;0;0;0;0;0;0;0;0;0;0;0;0;0;0;0;3488;2816;2934;3564;4503;3847;3053;2270;7134;3530;2936;5673;1326;4528;6845;2627;2125;3955;5780;4148;2741;3443;6013;3826;1680
2017-12-19T13:37:07.409;2013-05-07;5219;1;0;94788;158;132;183;213;217;259;194;159;423;180;183;296;62;256;374;167;91;214;343;226;147;151;304;198;89;0;0;0;0;0;0;0;0;0;0;0;0;0;0;0;0;0;0;1;0;0;0;0;0;0;0;0;0;0;0;0;0;0;0;0;0;0;0;0;0;0;0;0;0;0;0;0;0;0;0;3488;2816;2934;3564;4505;3846;3053;2270;7134;3530;2936;5674;1327;4528;6845;2627;2126;3955;5780;4148;2741;3443;6013;3825;1680
2017-12-19T13:37:08.678;2013-05-08;5217;1;0;94789;158;132;183;213;217;258;194;159;423;180;183;296;62;256;374;167;91;213;343;227;146;151;304;198;89;0;0;0;0;0;0;0;0;0;0;0;0;0;0;0;0;0;0;1;0;0;0;0;0;0;0;0;0;0;0;0;0;0;0;0;0;0;0;0;0;0;0;0;0;0;0;0;0;0;0;3488;2816;2934;3564;4505;3847;3053;2270;7134;3530;2936;5674;1327;4528;6847;2627;2126;3954;5780;4147;2742;3442;6013;3825;1680
2017-12-19T13:37:09.648;2013-05-09;5212;1;0;94800;159;132;183;213;217;257;194;159;421;180;183;296;62;256;373;166;91;213;343;226;146;151;304;198;89;0;0;0;0;0;0;0;0;0;0;0;0;0;0;0;0;0;0;1;0;0;0;0;0;0;0;0;0;0;0;0;0;0;0;0;0;0;0;0;0;0;0;0;0;0;0;0;0;0;0;3489;2815;2934;3564;4505;3848;3053;2270;7136;3530;2936;5674;1327;4528;6852;2628;2126;3954;5781;4148;2742;3442;6013;3825;1680
2017-12-19T13:37:10.522;2013-05-10;5213;1;0;94799;159;132;183;214;217;257;195;158;421;180;183;296;62;256;373;166;91;213;343;227;146;151;303;198;89;0;0;0;0;0;0;0;0;0;0;0;0;0;0;0;0;0;0;1;0;0;0;0;0;0;0;0;0;0;0;0;0;0;0;0;0;0;0;0;0;0;0;0;0;0;0;0;0;0;0;3489;2815;2934;3564;4505;3848;3052;2271;7135;3530;2936;5674;1327;4528;6852;2628;2126;3953;5781;4148;2742;3442;6014;3825;1680
2017-12-19T13:37:11.368;2013-05-11;5210;1;0;94807;159;132;183;213;217;258;195;158;421;180;183;296;62;256;372;166;91;213;342;227;146;151;302;198;89;0;0;0;0;0;0;0;0;0;0;0;0;0;0;0;0;0;0;1;0;0;0;0;0;0;0;0;0;0;0;0;0;0;0;0;0;0;0;0;0;0;0;0;0;0;0;0;0;0;0;3489;2815;2935;3565;4505;3848;3052;2272;7136;3530;2936;5675;1327;4528;6853;2628;2126;3953;5782;4148;2742;3442;6015;3825;1680
2017-12-19T13:37:11.874;2013-05-12;5207;1;0;94811;159;132;183;213;216;258;195;158;421;180;182;296;62;257;373;166;91;213;341;226;146;151;301;198;89;0;0;0;0;0;0;0;0;0;0;0;0;0;0;0;0;0;0;1;0;0;0;0;0;0;0;0;0;0;0;0;0;0;0;0;0;0;0;0;0;0;0;0;0;0;0;0;0;0;0;3489;2815;2935;3566;4506;3848;3051;2274;7136;3530;2936;5675;1327;4528;6852;2628;2126;3953;5783;4149;2742;3442;6016;3824;1680
2017-12-19T13:37:12.682;2013-05-13;5200;1;0;94816;158;132;183;213;216;258;195;157;421;180;182;296;62;257;373;166;91;211;341;225;146;151;300;197;89;0;0;0;0;0;0;0;0;0;0;0;0;0;0;0;0;0;0;1;0;0;0;0;0;0;0;0;0;0;0;0;0;0;0;0;0;0;0;0;0;0;0;0;0;0;0;0;0;0;0;3490;2815;2935;3566;4505;3848;3051;2275;7136;3530;2936;5675;1327;4528;6852;2628;2126;3955;5783;4150;2742;3442;6017;3824;1680
2017-12-19T13:37:13.3;2013-05-14;5196;1;0;94824;158;132;183;212;216;258;195;157;421;180;182;296;62;257;373;165;91;211;340;223;146;151;301;197;89;0;0;0;0;0;0;0;0;0;0;0;0;0;0;0;0;0;0;1;0;0;0;0;0;0;0;0;0;0;0;0;0;0;0;0;0;0;0;0;0;0;0;0;0;0;0;0;0;0;0;3490;2815;2935;3567;4505;3848;3051;2277;7135;3530;2936;5675;1327;4528;6852;2629;2126;3955;5784;4152;2742;3442;6019;3824;1680
2017-12-19T13:37:14.129;2013-05-15;5195;1;0;94826;158;132;183;212;216;257;195;157;420;180;182;296;62;257;373;165;92;211;340;223;146;151;301;197;89;0;0;0;0;0;0;0;0;0;0;0;0;0;0;0;0;0;0;1;0;0;0;0;0;0;0;0;0;0;0;0;0;0;0;0;0;0;0;0;0;0;0;0;0;0;0;0;0;0;0;3490;2815;2935;3567;4505;3849;3051;2277;7136;3530;2936;5675;1327;4528;6852;2629;2126;3955;5784;4152;2742;3442;6019;3824;1680
2017-12-19T13:37:14.841;2013-05-16;5195;1;0;94829;158;132;183;212;216;257;195;157;420;180;182;297;62;257;374;165;92;211;341;223;146;151;299;197;88;0;0;0;0;0;0;0;0;0;0;0;0;0;0;0;0;0;0;1;0;0;0;0;0;0;0;0;0;0;0;0;0;0;0;0;0;0;0;0;0;0;0;0;0;0;0;0;0;0;0;3490;2815;2935;3567;4505;3849;3051;2277;7136;3530;2936;5675;1327;4528;6852;2629;2126;3955;5784;4152;2742;3442;6021;3824;1681
2017-12-19T13:37:15.834;2013-05-17;5192;1;0;94833;158;132;183;212;216;257;195;157;420;180;182;297;62;257;374;165;92;210;340;223;146;151;299;196;88;0;0;0;0;0;0;0;0;0;0;0;0;0;0;0;0;0;0;1;0;0;0;0;0;0;0;0;0;0;0;0;0;0;0;0;0;0;0;0;0;0;0;0;0;0;0;0;0;0;0;3490;2815;2935;3567;4505;3849;3051;2277;7136;3530;2936;5675;1327;4528;6852;2629;2127;3956;5785;4152;2742;3442;6021;3825;1681
2017-12-19T13:37:16.517;2013-05-18;5194;1;0;94839;158;133;183;212;215;256;195;157;419;180;182;297;62;258;375;166;92;210;341;222;146;151;300;196;88;0;0;0;0;0;0;0;0;0;0;0;0;0;0;0;0;0;0;1;0;0;0;0;0;0;0;0;0;0;0;0;0;0;0;0;0;0;0;0;0;0;0;0;0;0;0;0;0;0;0;3490;2815;2935;3567;4505;3850;3051;2277;7137;3530;2936;5675;1327;4530;6852;2629;2127;3956;5786;4152;2742;3443;6021;3825;1681
2017-12-19T13:37:17.349;2013-05-19;5196;1;0;94845;158;133;183;212;215;256;195;158;419;180;182;297;62;258;375;166;92;210;341;222;146;151;300;196;89;0;0;0;0;0;0;0;0;0;0;0;0;0;0;0;0;0;0;1;0;0;0;0;0;0;0;0;0;0;0;0;0;0;0;0;0;0;0;0;0;0;0;0;0;0;0;0;0;0;0;3490;2815;2935;3568;4505;3850;3051;2277;7137;3530;2936;5676;1327;4530;6853;2629;2127;3956;5786;4152;2742;3443;6021;3828;1681
2017-12-19T13:37:18.538;2013-05-20;5196;1;0;94845;158;133;183;212;216;255;195;158;419;180;182;297;62;259;375;166;92;210;341;221;146;151;300;196;89;0;0;0;0;0;0;0;0;0;0;0;0;0;0;0;0;0;0;1;0;0;0;0;0;0;0;0;0;0;0;0;0;0;0;0;0;0;0;0;0;0;0;0;0;0;0;0;0;0;0;3490;2814;2935;3569;4505;3851;3051;2277;7137;3530;2936;5676;1327;4530;6852;2629;2127;3956;5786;4153;2741;3443;6021;3828;1681
2017-12-19T13:37:19.176;2013-05-21;5193;0;1;94850;157;133;183;213;216;255;195;158;419;180;182;295;62;258;375;166;92;210;341;221;146;151;300;196;89;0;0;0;0;0;0;0;0;0;0;0;0;0;0;0;0;0;0;0;0;0;0;0;0;0;0;0;0;0;0;0;0;0;0;0;0;0;0;0;0;0;0;0;1;0;0;0;0;0;0;3491;2814;2935;3569;4505;3851;3051;2277;7137;3530;2936;5678;1327;4531;6852;2629;2127;3957;5786;4153;2741;3443;6021;3828;1681
2017-12-19T13:37:20.348;2013-05-22;5192;0;1;94857;157;133;183;213;216;255;195;158;419;179;182;295;62;258;374;167;92;210;341;221;146;151;301;195;89;0;0;0;0;0;0;0;0;0;0;0;0;0;0;0;0;0;0;0;0;0;0;0;0;0;0;0;0;0;0;0;0;0;0;0;0;0;0;0;0;0;0;0;1;0;0;0;0;0;0;3491;2814;2935;3569;4505;3851;3051;2277;7138;3531;2936;5678;1327;4530;6854;2629;2126;3957;5786;4153;2741;3443;6025;3829;1681
2017-12-19T13:37:21.331;2013-05-23;5191;0;1;94861;157;133;183;212;216;255;197;157;418;179;181;295;62;258;374;167;91;212;341;221;146;151;301;195;89;0;0;0;0;0;0;0;0;0;0;0;0;0;0;0;0;0;0;0;0;0;0;0;0;0;0;0;0;0;0;0;0;0;0;0;0;0;0;0;0;0;0;0;1;0;0;0;0;0;0;3490;2814;2935;3570;4506;3851;3051;2278;7139;3530;2937;5678;1327;4530;6854;2629;2127;3957;5786;4153;2741;3443;6025;3829;1681
2017-12-19T13:37:21.987;2013-05-24;5191;0;1;94864;157;133;183;212;216;255;197;157;418;179;181;295;62;258;374;167;91;212;341;221;146;151;301;195;89;0;0;0;0;0;0;0;0;0;0;0;0;0;0;0;0;0;0;0;0;0;0;0;0;0;0;0;0;0;0;0;0;0;0;0;0;0;0;0;0;0;0;0;1;0;0;0;0;0;0;3493;2814;2935;3570;4505;3851;3051;2278;7139;3530;2937;5678;1327;4530;6854;2629;2127;3957;5786;4153;2741;3443;6026;3829;1681
2017-12-19T13:37:22.622;2013-05-25;5188;0;1;94867;156;133;183;212;215;255;197;157;417;179;181;295;63;258;374;167;91;211;342;221;146;151;301;195;88;0;0;0;0;0;0;0;0;0;0;0;0;0;0;0;0;0;0;0;0;0;0;0;0;0;0;0;0;0;0;0;0;0;0;0;0;0;0;0;0;0;0;0;1;0;0;0;0;0;0;3494;2814;2936;3570;4506;3851;3051;2278;7139;3530;2937;5679;1327;4530;6853;2629;2127;3958;5785;4153;2741;3442;6026;3829;1682
2017-12-19T13:37:23.257;2013-05-26;5182;0;1;94872;156;133;183;212;215;254;197;156;417;179;181;295;63;258;374;167;91;210;340;220;146;151;301;195;88;0;0;0;0;0;0;0;0;0;0;0;0;0;0;0;0;0;0;0;0;0;0;0;0;0;0;0;0;0;0;0;0;0;0;0;0;0;0;0;0;0;0;0;1;0;0;0;0;0;0;3494;2814;2936;3569;4505;3852;3051;2279;7139;3530;2937;5679;1327;4529;6853;2629;2129;3959;5787;4154;2741;3442;6026;3829;1682
2017-12-19T13:37:24.257;2013-05-27;5181;0;1;94878;157;133;183;212;215;254;196;156;417;178;180;295;63;259;374;167;91;211;339;220;146;151;301;195;88;0;0;0;0;0;0;0;0;0;0;0;0;0;0;0;0;0;0;0;0;0;0;0;0;0;0;0;0;0;0;0;0;0;0;0;0;0;0;0;0;0;0;0;1;0;0;0;0;0;0;3494;2814;2936;3569;4505;3852;3052;2279;7139;3531;2938;5679;1327;4529;6853;2631;2129;3959;5788;4154;2741;3442;6026;3829;1682
2017-12-19T13:37:24.967;2013-05-28;5178;0;1;94882;157;133;183;212;215;253;196;156;417;178;180;295;63;259;373;167;91;210;339;220;146;150;301;196;88;0;0;0;0;0;0;0;0;0;0;0;0;0;0;0;0;0;0;0;0;0;0;0;0;0;0;0;0;0;0;0;0;0;0;0;0;0;0;0;0;0;0;0;1;0;0;0;0;0;0;3494;2813;2936;3569;4505;3853;3052;2279;7139;3531;2938;5680;1327;4530;6854;2631;2129;3959;5788;4154;2741;3443;6026;3829;1682
2017-12-19T13:37:25.71;2013-05-29;5176;0;1;94885;157;132;182;213;215;253;196;155;418;178;180;295;63;259;373;167;91;210;338;219;147;150;301;196;88;0;0;0;0;0;0;0;0;0;0;0;0;0;0;0;0;0;0;0;0;0;0;0;0;0;0;0;0;0;0;0;0;0;0;0;0;0;0;0;0;0;0;0;1;0;0;0;0;0;0;3494;2814;2936;3568;4504;3853;3052;2280;7139;3531;2937;5682;1327;4530;6854;2630;2129;3958;5789;4155;2741;3444;6027;3829;1682
2017-12-19T13:37:26.725;2013-05-30;5172;0;1;94889;157;132;182;213;214;253;196;156;418;178;180;295;63;259;373;167;91;209;337;218;147;150;300;196;88;0;0;0;0;0;0;0;0;0;0;0;0;0;0;0;0;0;0;0;0;0;0;0;0;0;0;0;0;0;0;0;0;0;0;0;0;0;0;0;0;0;0;0;1;0;0;0;0;0;0;3494;2814;2936;3568;4505;3853;3052;2280;7138;3531;2937;5683;1327;4530;6854;2630;2129;3958;5790;4156;2741;3444;6028;3829;1682
2017-12-19T13:37:27.323;2013-05-31;5168;0;1;94895;156;132;182;213;215;252;196;155;418;177;180;293;63;259;374;167;91;209;337;218;147;150;300;196;88;0;0;0;0;0;0;0;0;0;0;0;0;0;0;0;0;0;0;0;0;0;0;0;0;0;0;0;0;0;0;0;0;0;0;0;0;0;0;0;0;0;0;0;1;0;0;0;0;0;0;3495;2814;2936;3567;4505;3854;3052;2281;7138;3532;2937;5687;1327;4530;6854;2630;2129;3958;5790;4156;2741;3443;6028;3829;1682
2017-12-19T13:37:28.288;2013-06-01;5169;0;1;94895;156;132;182;213;216;251;196;155;419;177;180;293;63;259;374;167;90;209;337;219;147;151;300;195;88;0;0;0;0;0;0;0;0;0;0;0;0;0;0;0;0;0;0;0;0;0;0;0;0;0;0;0;0;0;0;0;0;0;0;0;0;0;0;0;0;0;0;0;1;0;0;0;0;0;0;3495;2814;2936;3566;4505;3855;3052;2281;7140;3532;2937;5686;1327;4530;6853;2630;2130;3958;5789;4156;2741;3443;6027;3830;1682
2017-12-19T13:37:28.819;2013-06-02;5165;0;1;94901;154;132;182;212;217;251;195;155;419;177;180;292;63;259;374;168;90;210;337;219;147;151;299;194;88;0;0;0;0;0;0;0;0;0;0;0;0;0;0;0;0;0;0;0;0;0;0;0;0;0;0;0;0;0;0;0;0;0;0;0;0;0;0;0;0;0;0;0;1;0;0;0;0;0;0;3497;2814;2936;3567;4505;3854;3053;2281;7140;3532;2937;5687;1327;4530;6853;2630;2130;3958;5789;4156;2741;3443;6028;3831;1682
2017-12-19T13:37:29.563;2013-06-03;5162;0;1;94907;154;132;182;212;217;251;196;155;418;177;180;292;63;259;374;167;89;210;337;219;147;151;298;194;88;0;0;0;0;0;0;0;0;0;0;0;0;0;0;0;0;0;0;0;0;0;0;0;0;0;0;0;0;0;0;0;0;0;0;0;0;0;0;0;0;0;0;0;1;0;0;0;0;0;0;3497;2817;2936;3567;4505;3854;3053;2281;7141;3532;2937;5688;1327;4529;6853;2631;2131;3958;5789;4156;2741;3442;6029;3831;1682
2017-12-19T13:37:30.253;2013-06-04;5157;0;1;94916;152;132;182;212;217;251;196;155;419;177;180;292;63;260;372;166;89;210;337;219;145;151;298;194;88;0;0;0;0;0;0;0;0;0;0;0;0;0;0;0;0;0;0;0;0;0;0;0;0;0;0;0;0;0;0;0;0;0;0;0;0;0;0;0;0;0;0;0;1;0;0;0;0;0;0;3499;2817;2936;3566;4505;3854;3054;2281;7141;3534;2937;5688;1327;4529;6855;2632;2131;3958;5789;4156;2743;3442;6029;3831;1682
2017-12-19T13:37:30.995;2013-06-05;5156;0;1;94922;152;132;182;211;217;251;195;155;420;177;180;292;63;260;372;166;89;210;337;219;145;151;299;193;88;0;0;0;0;0;0;0;0;0;0;0;0;0;0;0;0;0;0;0;0;0;0;0;0;0;0;0;0;0;0;0;0;0;0;0;0;0;0;0;0;0;0;0;1;0;0;0;0;0;0;3499;2819;2936;3567;4505;3854;3055;2281;7141;3534;2937;5688;1327;4529;6855;2631;2131;3958;5789;4156;2743;3442;6031;3832;1682
2017-12-19T13:37:31.854;2013-06-06;5153;0;1;94929;152;132;182;211;216;251;195;155;422;176;180;292;63;259;371;166;89;210;336;219;145;151;299;193;88;0;0;0;0;0;0;0;0;0;0;0;0;0;0;0;0;0;0;0;0;0;0;0;0;0;0;0;0;0;0;0;0;0;0;0;0;0;0;0;0;0;0;0;1;0;0;0;0;0;0;3499;2819;2936;3567;4506;3854;3055;2281;7141;3535;2937;5688;1327;4530;6856;2631;2131;3958;5790;4156;2743;3444;6031;3832;1682
2017-12-19T13:37:32.465;2013-06-07;5149;0;1;94936;152;131;181;211;216;250;195;155;423;175;180;292;63;259;371;166;89;210;336;219;145;151;298;193;88;0;0;0;0;0;0;0;0;0;0;0;0;0;0;0;0;0;0;0;0;0;0;0;0;0;0;0;0;0;0;0;0;0;0;0;0;0;0;0;0;0;0;0;1;0;0;0;0;0;0;3499;2820;2937;3567;4506;3855;3055;2281;7145;3536;2937;5688;1326;4530;6856;2631;2131;3958;5790;4156;2743;3444;6032;3831;1682
2017-12-19T13:37:33.236;2013-06-08;5149;0;1;94936;152;131;181;211;216;250;195;155;423;175;181;292;63;259;371;166;89;210;336;219;145;150;298;193;88;0;0;0;0;0;0;0;0;0;0;0;0;0;0;0;0;0;0;0;0;0;0;0;0;0;0;0;0;0;0;0;0;0;0;0;0;0;0;0;0;0;0;0;1;0;0;0;0;0;0;3499;2820;2936;3567;4506;3855;3055;2281;7145;3536;2937;5688;1326;4530;6856;2631;2131;3958;5790;4156;2743;3445;6032;3831;1682
2017-12-19T13:37:33.752;2013-06-09;5150;0;1;94939;152;131;181;211;217;250;195;155;422;175;181;292;63;258;372;166;90;210;336;219;145;150;298;193;88;0;0;0;0;0;0;0;0;0;0;0;0;0;0;0;0;0;0;0;0;0;0;0;0;0;0;0;0;0;0;0;0;0;0;0;0;0;0;0;0;0;0;0;1;0;0;0;0;0;0;3498;2820;2936;3567;4505;3855;3055;2281;7146;3536;2937;5688;1326;4531;6858;2631;2131;3959;5790;4156;2743;3446;6031;3831;1682
2017-12-19T13:37:34.492;2013-06-10;5144;0;1;94945;152;130;180;211;217;250;195;155;422;175;181;291;63;258;371;166;90;210;336;218;145;150;297;193;88;0;0;0;0;0;0;0;0;0;0;0;0;0;0;0;0;0;0;0;0;0;0;0;0;0;0;0;0;0;0;0;0;0;0;0;0;0;0;0;0;0;0;0;1;0;0;0;0;0;0;3498;2821;2937;3567;4505;3855;3055;2281;7146;3536;2937;5689;1326;4532;6859;2631;2131;3959;5790;4157;2743;3445;6032;3831;1682
2017-12-19T13:37:35.348;2013-06-11;5137;0;1;94956;150;130;180;211;217;250;195;155;422;175;181;290;63;258;369;165;90;209;336;217;145;151;297;193;88;0;0;0;0;0;0;0;0;0;0;0;0;0;0;0;0;0;0;0;0;0;0;0;0;0;0;0;0;0;0;0;0;0;0;0;0;0;0;0;0;0;0;0;1;0;0;0;0;0;0;3501;2821;2937;3567;4505;3855;3055;2281;7146;3535;2940;5690;1326;4532;6861;2632;2131;3960;5790;4158;2743;3445;6032;3831;1682
2017-12-19T13:37:36.376;2013-06-12;5134;0;1;94962;150;130;180;211;217;250;195;153;422;175;181;290;63;258;369;165;90;209;336;216;145;151;297;193;88;0;0;0;0;0;0;0;0;0;0;0;0;0;0;0;0;0;0;0;0;0;0;0;0;0;0;0;0;0;0;0;0;0;0;0;0;0;0;0;0;0;0;0;1;0;0;0;0;0;0;3502;2821;2937;3567;4505;3855;3059;2283;7146;3535;2940;5690;1326;4532;6861;2632;2131;3960;5789;4159;2743;3445;6032;3830;1682
2017-12-19T13:37:36.976;2013-06-13;5130;0;1;94964;150;130;180;211;217;250;195;153;421;175;180;289;63;258;368;165;90;209;336;216;145;151;297;193;88;0;0;0;0;0;0;0;0;0;0;0;0;0;0;0;0;0;0;0;0;0;0;0;0;0;0;0;0;0;0;0;0;0;0;0;0;0;0;0;0;0;0;0;1;0;0;0;0;0;0;3502;2821;2937;3567;4505;3855;3059;2283;7147;3534;2941;5691;1326;4532;6861;2632;2131;3960;5789;4159;2743;3445;6032;3830;1682
2017-12-19T13:37:37.637;2013-06-14;5122;0;1;94972;150;130;179;210;217;249;195;153;420;174;180;289;63;257;368;165;90;209;335;216;145;150;297;193;88;0;0;0;0;0;0;0;0;0;0;0;0;0;0;0;0;0;0;0;0;0;0;0;0;0;0;0;0;0;0;0;0;0;0;0;0;0;0;0;0;0;0;0;1;0;0;0;0;0;0;3502;2821;2938;3568;4505;3856;3059;2283;7148;3535;2941;5691;1326;4533;6861;2632;2131;3960;5790;4159;2743;3446;6032;3830;1682
2017-12-19T13:37:38.327;2013-06-15;5122;0;1;94974;150;130;179;210;218;250;196;153;420;174;180;289;63;257;368;165;90;209;334;216;145;149;296;193;88;0;0;0;0;0;0;0;0;0;0;0;0;0;0;0;0;0;0;0;0;0;0;0;0;0;0;0;0;0;0;0;0;0;0;0;0;0;0;0;0;0;0;0;1;0;0;0;0;0;0;3502;2821;2938;3568;4505;3856;3059;2283;7148;3535;2941;5691;1326;4533;6861;2632;2131;3959;5791;4159;2743;3447;6033;3830;1682
2017-12-19T13:37:38.853;2013-06-16;5125;0;1;94975;150;130;179;210;220;250;196;153;420;174;180;288;63;257;368;165;91;209;335;215;145;150;296;193;88;0;0;0;0;0;0;0;0;0;0;0;0;0;0;0;0;0;0;0;0;0;0;0;0;0;0;0;0;0;0;0;0;0;0;0;0;0;0;0;0;0;0;0;1;0;0;0;0;0;0;3502;2821;2938;3568;4505;3856;3059;2283;7148;3535;2941;5692;1326;4533;6861;2632;2131;3957;5790;4160;2743;3449;6033;3830;1682
2017-12-19T13:37:39.653;2013-06-17;5125;0;1;94973;150;130;179;210;221;250;196;153;418;174;180;288;63;259;368;165;91;209;334;215;145;150;296;193;88;0;0;0;0;0;0;0;0;0;0;0;0;0;0;0;0;0;0;0;0;0;0;0;0;0;0;0;0;0;0;0;0;0;0;0;0;0;0;0;0;0;0;0;1;0;0;0;0;0;0;3501;2821;2938;3567;4504;3856;3058;2283;7150;3535;2941;5692;1326;4533;6861;2632;2131;3957;5791;4160;2743;3449;6033;3830;1681
2017-12-19T13:37:40.294;2013-06-18;5118;0;1;94981;150;130;178;210;220;249;197;153;418;174;178;288;63;259;368;165;90;209;333;215;145;150;295;193;88;0;0;0;0;0;0;0;0;0;0;0;0;0;0;0;0;0;0;0;0;0;0;0;0;0;0;0;0;0;0;0;0;0;0;0;0;0;0;0;0;0;0;0;1;0;0;0;0;0;0;3501;2820;2939;3567;4504;3857;3058;2283;7150;3535;2943;5692;1326;4533;6861;2631;2132;3957;5792;4163;2743;3449;6034;3830;1681
2017-12-19T13:37:41.031;2013-06-19;5118;0;1;94982;150;130;178;210;220;249;196;152;419;174;178;289;63;260;369;164;90;209;332;215;145;150;295;193;88;0;0;0;0;0;0;0;0;0;0;0;0;0;0;0;0;0;0;0;0;0;0;0;0;0;0;0;0;0;0;0;0;0;0;0;0;0;0;0;0;0;0;0;1;0;0;0;0;0;0;3501;2820;2939;3567;4504;3857;3059;2284;7149;3535;2943;5692;1326;4533;6861;2632;2131;3957;5793;4162;2743;3449;6034;3830;1681
2017-12-19T13:37:41.736;2013-06-20;5113;0;1;94991;149;130;178;211;220;248;196;152;420;172;178;290;62;260;369;164;90;208;332;215;144;150;294;193;88;0;0;0;0;0;0;0;0;0;0;0;0;0;0;0;0;0;0;0;0;0;0;0;0;0;0;0;0;0;0;0;0;0;0;0;0;0;0;0;0;0;0;0;1;0;0;0;0;0;0;3502;2820;2939;3567;4504;3858;3059;2284;7149;3537;2943;5692;1326;4534;6860;2635;2131;3958;5793;4162;2744;3449;6035;3829;1681
2017-12-19T13:37:42.75;2013-06-21;5108;0;1;95000;149;130;178;210;220;248;196;152;418;172;178;290;62;260;367;164;90;208;332;215;144;150;293;193;89;0;0;0;0;0;0;0;0;0;0;0;0;0;0;0;0;0;0;0;0;0;0;0;0;0;0;0;0;0;0;0;0;0;0;0;0;0;0;0;0;0;0;0;1;0;0;0;0;0;0;3504;2820;2939;3568;4504;3858;3059;2284;7151;3537;2943;5692;1326;4535;6862;2635;2131;3958;5793;4162;2744;3449;6036;3829;1681
2017-12-19T13:37:43.433;2013-06-22;5108;0;1;95006;149;131;178;210;219;248;195;151;418;173;178;291;62;261;366;164;90;208;332;215;143;150;294;193;89;0;0;0;0;0;0;0;0;0;0;0;0;0;0;0;0;0;0;0;0;0;0;0;0;0;0;0;0;0;0;0;0;0;0;0;0;0;0;0;0;0;0;0;1;0;0;0;0;0;0;3504;2820;2939;3569;4505;3858;3060;2285;7150;3537;2943;5694;1326;4535;6863;2635;2131;3957;5793;4162;2745;3449;6036;3829;1681
2017-12-19T13:37:44.221;2013-06-23;5107;0;1;95009;149;131;178;210;220;248;194;151;418;173;178;291;62;262;366;163;90;208;332;214;143;150;293;194;89;0;0;0;0;0;0;0;0;0;0;0;0;0;0;0;0;0;0;0;0;0;0;0;0;0;0;0;0;0;0;0;0;0;0;0;0;0;0;0;0;0;0;0;1;0;0;0;0;0;0;3504;2821;2939;3569;4505;3857;3061;2285;7150;3537;2943;5694;1326;4535;6863;2636;2131;3957;5792;4163;2745;3449;6037;3829;1681
2017-12-19T13:37:45.436;2013-06-24;5103;0;1;95013;149;131;179;210;220;248;194;151;418;173;177;288;62;261;366;164;90;208;332;214;143;150;293;193;89;0;0;0;0;0;0;0;0;0;0;0;0;0;0;0;0;0;0;0;0;0;0;0;0;0;0;0;0;0;0;0;0;0;0;0;0;0;0;0;0;0;0;0;1;0;0;0;0;0;0;3504;2821;2939;3569;4505;3857;3061;2285;7150;3536;2944;5697;1326;4536;6862;2636;2131;3957;5792;4163;2745;3449;6037;3830;1681
2017-12-19T13:37:46.094;2013-06-25;5105;0;1;95016;149;131;179;210;221;249;194;151;417;173;177;289;62;261;366;165;90;208;331;215;142;150;293;193;89;0;0;0;0;0;0;0;0;0;0;0;0;0;0;0;0;0;0;0;0;0;0;0;0;0;0;0;0;0;0;0;0;0;0;0;0;0;0;0;0;0;0;0;1;0;0;0;0;0;0;3504;2821;2939;3569;4505;3857;3061;2285;7151;3536;2944;5697;1326;4537;6862;2636;2131;3957;5793;4162;2746;3449;6037;3830;1681
2017-12-19T13:37:46.834;2013-06-26;5098;0;1;95027;150;131;179;210;221;250;194;151;417;172;177;289;62;261;364;164;89;208;329;215;141;150;292;193;89;0;0;0;0;0;0;0;0;0;0;0;0;0;0;0;0;0;0;0;0;0;0;0;0;0;0;0;0;0;0;0;0;0;0;0;0;0;0;0;0;0;0;0;1;0;0;0;0;0;0;3504;2821;2939;3569;4505;3857;3061;2285;7152;3537;2943;5698;1326;4537;6864;2638;2132;3957;5795;4162;2747;3449;6038;3830;1681
2017-12-19T13:37:47.535;2013-06-27;5098;0;1;95033;150;131;178;211;221;250;192;151;417;172;177;290;62;261;364;165;89;208;329;215;141;150;292;193;89;0;0;0;0;0;0;0;0;0;0;0;0;0;0;0;0;0;0;0;0;0;0;0;0;0;0;0;0;0;0;0;0;0;0;0;0;0;0;0;0;0;0;0;1;0;0;0;0;0;0;3504;2821;2941;3569;4504;3857;3063;2285;7154;3537;2943;5698;1326;4537;6864;2638;2132;3957;5795;4162;2747;3449;6039;3830;1681
2017-12-19T13:37:48.951;2013-06-28;5096;0;1;95036;149;131;178;211;222;249;192;151;415;172;177;291;62;262;364;165;89;208;329;215;141;150;292;192;89;0;0;0;0;0;0;0;0;0;0;0;0;0;0;0;0;0;0;0;0;0;0;0;0;0;0;0;0;0;0;0;0;0;0;0;0;0;0;0;0;0;0;0;1;0;0;0;0;0;0;3505;2821;2941;3568;4504;3858;3063;2285;7156;3537;2943;5698;1326;4537;6864;2638;2132;3956;5795;4161;2747;3450;6039;3831;1681
2017-12-19T13:37:49.66;2013-06-29;5091;0;1;95045;149;131;178;211;222;248;192;151;415;172;177;291;62;262;363;164;89;207;329;215;142;150;292;190;89;0;0;0;0;0;0;0;0;0;0;0;0;0;0;0;0;0;0;0;0;0;0;0;0;0;0;0;0;0;0;0;0;0;0;0;0;0;0;0;0;0;0;0;1;0;0;0;0;0;0;3505;2821;2941;3568;4504;3859;3063;2285;7158;3537;2943;5699;1326;4537;6865;2639;2132;3957;5795;4161;2747;3450;6039;3833;1681
2017-12-19T13:37:50.65;2013-06-30;5091;0;1;95053;148;133;178;211;221;248;193;151;414;172;176;292;62;261;363;163;89;207;329;216;142;150;292;191;89;0;0;0;0;0;0;0;0;0;0;0;0;0;0;0;0;0;0;0;0;0;0;0;0;0;0;0;0;0;0;0;0;0;0;0;0;0;0;0;0;0;0;0;1;0;0;0;0;0;0;3506;2821;2940;3568;4505;3859;3063;2285;7159;3537;2944;5699;1326;4538;6865;2640;2135;3957;5795;4161;2747;3450;6039;3833;1681
2017-12-19T13:37:51.555;2013-07-01;5090;0;1;95055;147;133;178;211;221;248;194;151;414;172;176;294;62;259;363;163;87;207;329;217;142;150;292;191;89;0;0;0;0;0;0;0;0;0;0;0;0;0;0;0;0;0;0;0;0;0;0;0;0;0;0;0;0;0;0;0;0;0;0;0;0;0;0;0;0;0;0;0;1;0;0;0;0;0;0;3507;2821;2940;3568;4505;3859;3063;2285;7159;3536;2944;5699;1326;4540;6865;2640;2137;3957;5795;4161;2747;3450;6038;3832;1681
2017-12-19T13:37:52.249;2013-07-02;5086;0;1;95062;147;133;178;211;220;248;195;151;414;169;176;294;62;259;363;163;87;207;329;215;141;151;292;191;90;0;0;0;0;0;0;0;0;0;0;0;0;0;0;0;0;0;0;0;0;0;0;0;0;0;0;0;0;0;0;0;0;0;0;0;0;0;0;0;0;0;0;0;1;0;0;0;0;0;0;3507;2821;2940;3568;4506;3859;3063;2287;7159;3539;2944;5699;1326;4539;6865;2640;2137;3957;5795;4162;2748;3450;6038;3832;1681
2017-12-19T13:37:52.935;2013-07-03;5080;0;1;95070;147;133;178;211;220;248;195;151;414;170;175;294;62;259;361;163;86;206;329;215;141;151;291;190;90;0;0;0;0;0;0;0;0;0;0;0;0;0;0;0;0;0;0;0;0;0;0;0;0;0;0;0;0;0;0;0;0;0;0;0;0;0;0;0;0;0;0;0;1;0;0;0;0;0;0;3507;2821;2940;3569;4506;3859;3063;2287;7159;3539;2945;5699;1326;4539;6867;2640;2138;3958;5795;4162;2748;3450;6039;3833;1681
2017-12-19T13:37:54.074;2013-07-04;5075;0;1;95079;147;133;177;211;220;248;195;150;413;170;175;294;62;259;360;163;85;206;330;215;141;151;290;190;90;0;0;0;0;0;0;0;0;0;0;0;0;0;0;0;0;0;0;0;0;0;0;0;0;0;0;0;0;0;0;0;0;0;0;0;0;0;0;0;0;0;0;0;1;0;0;0;0;0;0;3507;2821;2941;3569;4506;3859;3063;2288;7160;3539;2945;5700;1326;4539;6868;2640;2139;3960;5795;4162;2748;3450;6040;3833;1681
2017-12-19T13:37:56.016;2013-07-05;5065;0;1;95093;147;133;177;210;220;248;195;150;413;169;175;293;62;258;359;163;85;206;329;214;141;149;289;190;90;0;0;0;0;0;0;0;0;0;0;0;0;0;0;0;0;0;0;0;0;0;0;0;0;0;0;0;0;0;0;0;0;0;0;0;0;0;0;0;0;0;0;0;1;0;0;0;0;0;0;3507;2821;2941;3570;4506;3859;3063;2288;7160;3540;2947;5701;1326;4540;6869;2640;2138;3960;5796;4164;2748;3452;6043;3833;1681
2017-12-19T13:37:56.871;2013-07-06;5064;0;1;95097;146;132;177;211;219;248;195;150;414;169;175;294;62;257;359;163;84;206;329;214;141;150;289;190;90;0;0;0;0;0;0;0;0;0;0;0;0;0;0;0;0;0;0;0;0;0;0;0;0;0;0;0;0;0;0;0;0;0;0;0;0;0;0;0;0;0;0;0;1;0;0;0;0;0;0;3508;2822;2941;3570;4507;3859;3063;2288;7160;3540;2947;5701;1326;4541;6869;2640;2139;3960;5796;4164;2748;3451;6043;3833;1681
2017-12-19T13:37:57.44;2013-07-07;5065;0;1;95101;147;131;177;212;219;248;195;150;415;168;174;294;62;258;360;162;84;207;328;214;141;150;289;190;90;0;0;0;0;0;0;0;0;0;0;0;0;0;0;0;0;0;0;0;0;0;0;0;0;0;0;0;0;0;0;0;0;0;0;0;0;0;0;0;0;0;0;0;1;0;0;0;0;0;0;3510;2823;2940;3570;4507;3859;3063;2288;7160;3541;2947;5701;1326;4541;6869;2641;2138;3960;5797;4164;2748;3451;6043;3833;1681
2017-12-19T13:37:58.206;2013-07-08;5060;0;1;95106;146;131;175;211;219;248;195;150;415;168;174;293;62;258;360;162;84;208;328;214;141;150;288;190;90;0;0;0;0;0;0;0;0;0;0;0;0;0;0;0;0;0;0;0;0;0;0;0;0;0;0;0;0;0;0;0;0;0;0;0;0;0;0;0;0;0;0;0;1;0;0;0;0;0;0;3511;2822;2942;3571;4507;3859;3063;2288;7159;3541;2947;5703;1326;4541;6869;2641;2138;3960;5797;4164;2748;3451;6044;3833;1681
2017-12-19T13:37:58.99;2013-07-09;5055;0;1;95119;146;130;175;211;220;248;195;150;414;168;174;293;62;259;358;162;83;208;328;213;140;150;289;190;89;0;0;0;0;0;0;0;0;0;0;0;0;0;0;0;0;0;0;0;0;0;0;0;0;0;0;0;0;0;0;0;0;0;0;0;0;0;0;0;0;0;0;0;1;0;0;0;0;0;0;3511;2823;2942;3571;4507;3859;3063;2288;7160;3542;2947;5703;1328;4541;6870;2641;2139;3961;5797;4166;2749;3451;6046;3833;1681
2017-12-19T13:37:59.7;2013-07-10;5056;0;1;95124;146;130;175;213;220;248;196;150;414;168;174;292;62;259;358;162;83;208;329;213;139;150;288;190;89;0;0;0;0;0;0;0;0;0;0;0;0;0;0;0;0;0;0;0;0;0;0;0;0;0;0;0;0;0;0;0;0;0;0;0;0;0;0;0;0;0;0;0;1;0;0;0;0;0;0;3511;2823;2942;3571;4507;3859;3063;2288;7160;3542;2947;5704;1328;4541;6871;2642;2139;3961;5797;4166;2750;3452;6047;3832;1681
2017-12-19T13:38:00.446;2013-07-11;5053;0;1;95133;146;130;175;212;220;247;196;150;415;169;173;291;63;260;357;162;83;208;329;215;139;148;288;188;89;0;0;0;0;0;0;0;0;0;0;0;0;0;0;0;0;0;0;0;0;0;0;0;0;0;0;0;0;0;0;0;0;0;0;0;0;0;0;0;0;0;0;0;1;0;0;0;0;0;0;3510;2823;2942;3572;4506;3860;3063;2288;7163;3542;2948;5705;1328;4541;6872;2642;2139;3961;5797;4166;2750;3454;6047;3834;1680
2017-12-19T13:38:01.086;2013-07-12;5048;0;1;95142;146;130;176;212;220;247;196;150;413;169;173;291;63;260;357;162;82;208;329;215;139;148;287;188;87;0;0;0;0;0;0;0;0;0;0;0;0;0;0;0;0;0;0;0;0;0;0;0;0;0;0;0;0;0;0;0;0;0;0;0;0;0;0;0;0;0;0;0;1;0;0;0;0;0;0;3510;2823;2942;3572;4506;3860;3063;2292;7165;3542;2948;5705;1328;4541;6872;2642;2140;3961;5797;4165;2750;3454;6048;3834;1682
2017-12-19T13:38:01.727;2013-07-13;5044;0;1;95146;146;130;176;211;220;247;196;150;413;169;172;289;63;260;358;162;82;208;329;214;140;148;286;188;87;0;0;0;0;0;0;0;0;0;0;0;0;0;0;0;0;0;0;0;0;0;0;0;0;0;0;0;0;0;0;0;0;0;0;0;0;0;0;0;0;0;0;0;1;0;0;0;0;0;0;3510;2823;2942;3573;4506;3860;3063;2292;7165;3542;2947;5707;1328;4541;6872;2641;2140;3961;5797;4167;2750;3454;6049;3834;1682
2017-12-19T13:38:02.122;2013-07-14;5040;0;1;95151;146;130;176;210;220;247;196;150;413;169;172;289;63;259;357;162;82;209;327;214;140;148;286;188;87;0;0;0;0;0;0;0;0;0;0;0;0;0;0;0;0;0;0;0;0;0;0;0;0;0;0;0;0;0;0;0;0;0;0;0;0;0;0;0;0;0;0;0;1;0;0;0;0;0;0;3510;2823;2942;3574;4506;3860;3063;2292;7165;3542;2947;5706;1328;4542;6873;2640;2140;3963;5799;4167;2750;3454;6049;3834;1682
2017-12-19T13:38:02.95;2013-07-15;5036;0;1;95154;146;130;176;209;220;248;195;150;413;169;172;289;63;258;356;162;82;208;328;214;140;148;286;188;86;0;0;0;0;0;0;0;0;0;0;0;0;0;0;0;0;0;0;0;0;0;0;0;0;0;0;0;0;0;0;0;0;0;0;0;0;0;0;0;0;0;0;0;1;0;0;0;0;0;0;3510;2822;2942;3574;4505;3860;3064;2292;7165;3542;2947;5706;1328;4543;6874;2640;2140;3964;5799;4167;2750;3454;6049;3834;1683
2017-12-19T13:38:03.673;2013-07-16;5035;0;1;95162;145;130;176;209;220;248;195;150;412;170;171;290;63;258;356;162;82;208;328;214;141;148;285;188;86;0;0;0;0;0;0;0;0;0;0;0;0;0;0;0;0;0;0;0;0;0;0;0;0;0;0;0;0;0;0;0;0;0;0;0;0;0;0;0;0;0;0;0;1;0;0;0;0;0;0;3513;2822;2942;3574;4506;3860;3064;2292;7166;3542;2948;5706;1328;4544;6874;2640;2140;3964;5799;4167;2750;3454;6050;3834;1683
2017-12-19T13:38:04.381;2013-07-17;5030;0;1;95170;144;130;175;209;219;248;195;150;411;170;170;291;63;258;355;162;82;208;328;215;141;148;285;188;85;0;0;0;0;0;0;0;0;0;0;0;0;0;0;0;0;0;0;0;0;0;0;0;0;0;0;0;0;0;0;0;0;0;0;0;0;0;0;0;0;0;0;0;1;0;0;0;0;0;0;3513;2822;2943;3574;4507;3860;3064;2292;7166;3542;2949;5706;1328;4544;6875;2640;2140;3964;5799;4167;2750;3454;6053;3834;1684
2017-12-19T13:38:05.674;2013-07-18;5031;0;1;95176;144;130;175;209;220;247;195;150;410;170;170;291;63;259;355;163;82;208;329;214;142;147;284;189;85;0;0;0;0;0;0;0;0;0;0;0;0;0;0;0;0;0;0;0;0;0;0;0;0;0;0;0;0;0;0;0;0;0;0;0;0;0;0;0;0;0;0;0;1;0;0;0;0;0;0;3513;2822;2943;3574;4507;3861;3064;2292;7167;3542;2949;5705;1328;4544;6875;2641;2140;3964;5799;4168;2750;3455;6054;3835;1684
2017-12-19T13:38:06.408;2013-07-19;5029;0;1;95174;143;130;175;209;220;247;195;150;410;170;170;291;63;259;354;163;82;208;329;214;142;147;284;189;85;0;0;0;0;0;0;0;0;0;0;0;0;0;0;0;0;0;0;0;0;0;0;0;0;0;0;0;0;0;0;0;0;0;0;0;0;0;0;0;0;0;0;0;1;0;0;0;0;0;0;3514;2823;2943;3573;4507;3862;3064;2292;7167;3542;2948;5704;1328;4544;6876;2641;2140;3964;5799;4168;2750;3453;6054;3835;1683
2017-12-19T13:38:07.128;2013-07-20;5026;0;1;95178;143;130;175;210;220;247;196;151;409;169;170;290;63;259;354;163;82;208;328;213;141;147;284;189;85;0;0;0;0;0;0;0;0;0;0;0;0;0;0;0;0;0;0;0;0;0;0;0;0;0;0;0;0;0;0;0;0;0;0;0;0;0;0;0;0;0;0;0;1;0;0;0;0;0;0;3514;2823;2943;3572;4507;3861;3064;2292;7168;3543;2948;5705;1328;4544;6875;2640;2140;3964;5802;4169;2751;3453;6054;3835;1683
2017-12-19T13:38:07.613;2013-07-21;5015;0;1;95189;143;130;173;210;220;247;197;150;408;168;170;290;63;258;353;162;82;208;327;212;139;147;284;189;85;0;0;0;0;0;0;0;0;0;0;0;0;0;0;0;0;0;0;0;0;0;0;0;0;0;0;0;0;0;0;0;0;0;0;0;0;0;0;0;0;0;0;0;1;0;0;0;0;0;0;3514;2822;2945;3572;4507;3861;3064;2293;7168;3544;2948;5705;1328;4545;6876;2641;2140;3966;5803;4170;2753;3453;6054;3835;1682
2017-12-19T13:38:08.789;2013-07-22;5012;0;1;95195;143;129;173;211;219;247;198;150;409;168;169;288;63;258;354;162;82;208;326;212;138;147;284;189;85;0;0;0;0;0;0;0;0;0;0;0;0;0;0;0;0;0;0;0;0;0;0;0;0;0;0;0;0;0;0;0;0;0;0;0;0;0;0;0;0;0;0;0;1;0;0;0;0;0;0;3514;2823;2944;3572;4508;3861;3064;2293;7168;3546;2949;5707;1327;4545;6875;2641;2140;3966;5804;4170;2754;3453;6054;3835;1682
2017-12-19T13:38:09.598;2013-07-23;5014;0;1;95195;143;129;173;211;220;247;198;150;409;169;169;288;62;258;354;162;82;208;326;212;138;147;284;190;85;0;0;0;0;0;0;0;0;0;0;0;0;0;0;0;0;0;0;0;0;0;0;0;0;0;0;0;0;0;0;0;0;0;0;0;0;0;0;0;0;0;0;0;1;0;0;0;0;0;0;3514;2823;2944;3572;4508;3861;3064;2293;7168;3546;2949;5708;1328;4544;6875;2641;2140;3967;5804;4169;2754;3453;6054;3835;1681
2017-12-19T13:38:10.869;2013-07-24;5012;0;1;95201;143;129;172;211;220;247;198;151;409;169;168;288;62;258;354;162;82;208;326;211;138;147;284;190;85;0;0;0;0;0;0;0;0;0;0;0;0;0;0;0;0;0;0;0;0;0;0;0;0;0;0;0;0;0;0;0;0;0;0;0;0;0;0;0;0;0;0;0;1;0;0;0;0;0;0;3514;2823;2945;3571;4508;3861;3064;2293;7168;3546;2950;5710;1328;4544;6876;2641;2140;3967;5805;4170;2754;3453;6054;3835;1681
2017-12-19T13:38:11.608;2013-07-25;5016;0;1;95205;143;129;173;212;220;247;198;151;409;170;167;288;62;258;355;161;82;208;325;213;138;147;284;191;85;0;0;0;0;0;0;0;0;0;0;0;0;0;0;0;0;0;0;0;0;0;0;0;0;0;0;0;0;0;0;0;0;0;0;0;0;0;0;0;0;0;0;0;1;0;0;0;0;0;0;3514;2823;2945;3571;4508;3861;3064;2293;7168;3546;2951;5710;1328;4544;6876;2643;2140;3967;5807;4170;2754;3453;6053;3835;1681
2017-12-19T13:38:12.214;2013-07-26;5010;0;1;95212;142;129;173;212;219;247;198;151;408;170;167;288;62;257;353;162;82;208;325;214;136;147;284;191;85;0;0;0;0;0;0;0;0;0;0;0;0;0;0;0;0;0;0;0;0;0;0;0;0;0;0;0;0;0;0;0;0;0;0;0;0;0;0;0;0;0;0;0;1;0;0;0;0;0;0;3515;2823;2945;3571;4509;3861;3064;2293;7169;3546;2951;5710;1328;4545;6878;2643;2140;3967;5805;4170;2756;3454;6053;3835;1681
2017-12-19T13:38:12.829;2013-07-27;5007;0;1;95222;142;129;173;211;219;246;198;151;407;170;167;288;62;258;353;162;82;208;324;214;136;148;283;191;85;0;0;0;0;0;0;0;0;0;0;0;0;0;0;0;0;0;0;0;0;0;0;0;0;0;0;0;0;0;0;0;0;0;0;0;0;0;0;0;0;0;0;0;1;0;0;0;0;0;0;3515;2823;2945;3572;4509;3862;3064;2293;7170;3546;2951;5710;1328;4545;6878;2643;2140;3968;5810;4170;2756;3454;6054;3835;1681
2017-12-19T13:38:13.305;2013-07-28;5003;0;1;95233;142;129;173;210;220;246;198;151;407;169;167;288;62;258;352;162;81;208;323;214;136;149;283;191;84;0;0;0;0;0;0;0;0;0;0;0;0;0;0;0;0;0;0;0;0;0;0;0;0;0;0;0;0;0;0;0;0;0;0;0;0;0;0;0;0;0;0;0;1;0;0;0;0;0;0;3515;2823;2945;3573;4509;3862;3065;2293;7170;3547;2951;5710;1328;4545;6880;2643;2141;3968;5811;4169;2756;3454;6058;3835;1682
2017-12-19T13:38:14.164;2013-07-29;4999;0;1;95235;142;129;173;210;220;245;198;151;406;169;167;288;62;258;352;162;81;208;322;213;136;149;283;191;84;0;0;0;0;0;0;0;0;0;0;0;0;0;0;0;0;0;0;0;0;0;0;0;0;0;0;0;0;0;0;0;0;0;0;0;0;0;0;0;0;0;0;0;1;0;0;0;0;0;0;3515;2823;2945;3573;4509;3863;3065;2293;7171;3547;2951;5710;1328;4545;6880;2643;2141;3967;5812;4169;2756;3454;6058;3835;1682
2017-12-19T13:38:15.045;2013-07-30;5002;0;1;95241;142;129;173;210;221;245;198;151;406;169;167;288;62;259;352;162;81;207;324;212;136;149;284;191;84;0;0;0;0;0;0;0;0;0;0;0;0;0;0;0;0;0;0;0;0;0;0;0;0;0;0;0;0;0;0;0;0;0;0;0;0;0;0;0;0;0;0;0;1;0;0;0;0;0;0;3515;2823;2945;3573;4509;3863;3065;2293;7171;3547;2951;5710;1328;4545;6880;2643;2141;3968;5816;4170;2756;3454;6058;3835;1682
2017-12-19T13:38:15.729;2013-07-31;4996;0;1;95248;142;129;172;208;221;245;198;151;405;169;167;289;62;259;352;161;81;206;324;211;136;149;284;191;84;0;0;0;0;0;0;0;0;0;0;0;0;0;0;0;0;0;0;0;0;0;0;0;0;0;0;0;0;0;0;0;0;0;0;0;0;0;0;0;0;0;0;0;1;0;0;0;0;0;0;3515;2823;2946;3575;4509;3863;3065;2293;7172;3547;2951;5710;1328;4546;6880;2644;2141;3969;5816;4170;2756;3454;6058;3835;1682
2017-12-19T13:38:16.385;2013-08-01;4989;0;1;95254;142;129;172;206;220;245;198;150;405;167;167;289;62;259;352;161;80;207;324;210;136;149;284;191;84;0;0;0;0;0;0;0;0;0;0;0;0;0;0;0;0;0;0;0;0;0;0;0;0;0;0;0;0;0;0;0;0;0;0;0;0;0;0;0;0;0;0;0;1;0;0;0;0;0;0;3514;2823;2946;3577;4510;3863;3065;2294;7172;3549;2951;5710;1328;4546;6880;2644;2142;3969;5816;4170;2756;3454;6058;3835;1682
2017-12-19T13:38:17.072;2013-08-02;4980;0;1;95267;141;128;171;206;220;245;198;148;404;167;167;289;62;260;352;160;80;207;324;209;135;149;284;191;83;0;0;0;0;0;0;0;0;0;0;0;0;0;0;0;0;0;0;0;0;0;0;0;0;0;0;0;0;0;0;0;0;0;0;0;0;0;0;0;0;0;0;0;1;0;0;0;0;0;0;3515;2824;2947;3577;4510;3862;3065;2295;7174;3549;2951;5710;1328;4546;6880;2645;2142;3969;5816;4171;2757;3454;6062;3835;1683
2017-12-19T13:38:17.736;2013-08-03;4980;0;1;95270;142;127;171;205;220;245;198;148;404;166;167;289;62;263;352;160;80;207;323;209;135;149;284;191;83;0;0;0;0;0;0;0;0;0;0;0;0;0;0;0;0;0;0;0;0;0;0;0;0;0;0;0;0;0;0;0;0;0;0;0;0;0;0;0;0;0;0;0;1;0;0;0;0;0;0;3515;2825;2947;3578;4511;3862;3065;2295;7173;3550;2951;5710;1328;4546;6880;2645;2142;3968;5817;4171;2757;3454;6062;3835;1683
2017-12-19T13:38:18.193;2013-08-04;4975;0;1;95279;142;127;172;204;220;244;197;148;404;166;167;289;61;264;351;160;80;207;323;209;135;148;284;190;83;0;0;0;0;0;0;0;0;0;0;0;0;0;0;0;0;0;0;0;0;0;0;0;0;0;0;0;0;0;0;0;0;0;0;0;0;0;0;0;0;0;0;0;1;0;0;0;0;0;0;3515;2825;2947;3579;4511;3863;3065;2295;7173;3550;2951;5710;1329;4546;6881;2645;2142;3968;5817;4172;2757;3455;6064;3836;1683
2017-12-19T13:38:19.018;2013-08-05;4969;0;1;95293;142;128;172;203;218;244;198;148;405;166;167;286;61;265;348;160;80;207;322;210;135;148;283;190;83;0;0;0;0;0;0;0;0;0;0;0;0;0;0;0;0;0;0;0;0;0;0;0;0;0;0;0;0;0;0;0;0;0;0;0;0;0;0;0;0;0;0;0;1;0;0;0;0;0;0;3515;2825;2947;3580;4512;3863;3065;2295;7173;3550;2951;5713;1329;4546;6884;2645;2142;3968;5823;4172;2756;3455;6065;3836;1683
2017-12-19T13:38:19.788;2013-08-06;4967;0;1;95300;142;127;172;201;218;245;198;148;405;167;166;287;61;265;347;160;80;207;322;210;134;148;284;190;83;0;0;0;0;0;0;0;0;0;0;0;0;0;0;0;0;0;0;0;0;0;0;0;0;0;0;0;0;0;0;0;0;0;0;0;0;0;0;0;0;0;0;0;1;0;0;0;0;0;0;3515;2826;2947;3582;4512;3863;3065;2295;7172;3552;2951;5714;1329;4546;6885;2645;2142;3968;5823;4172;2757;3455;6065;3836;1683
2017-12-19T13:38:20.535;2013-08-07;4966;0;1;95311;142;128;172;201;218;243;198;148;405;167;166;288;61;267;346;160;80;207;321;210;134;147;284;190;83;0;0;0;0;0;0;0;0;0;0;0;0;0;0;0;0;0;0;0;0;0;0;0;0;0;0;0;0;0;0;0;0;0;0;0;0;0;0;0;0;0;0;0;1;0;0;0;0;0;0;3515;2826;2947;3583;4512;3867;3065;2295;7173;3552;2951;5715;1329;4546;6886;2645;2142;3968;5824;4172;2757;3455;6067;3836;1683
2017-12-19T13:38:21.185;2013-08-08;4964;0;1;95316;142;128;170;201;217;243;198;148;403;167;166;288;61;267;346;161;80;207;321;210;135;147;284;191;83;0;0;0;0;0;0;0;0;0;0;0;0;0;0;0;0;0;0;0;0;0;0;0;0;0;0;0;0;0;0;0;0;0;0;0;0;0;0;0;0;0;0;0;1;0;0;0;0;0;0;3515;2826;2949;3583;4513;3867;3065;2295;7175;3552;2951;5715;1328;4546;6885;2645;2142;3968;5823;4173;2757;3455;6067;3838;1683
2017-12-19T13:38:21.895;2013-08-09;4963;0;1;95319;142;128;170;201;217;243;198;149;403;167;165;289;61;267;347;161;80;207;321;210;135;146;283;191;82;0;0;0;0;0;0;0;0;0;0;0;0;0;0;0;0;0;0;0;0;0;0;0;0;0;0;0;0;0;0;0;0;0;0;0;0;0;0;0;0;0;0;0;1;0;0;0;0;0;0;3514;2826;2949;3583;4513;3867;3065;2295;7175;3552;2952;5715;1328;4546;6885;2645;2142;3968;5823;4173;2757;3456;6068;3838;1684
2017-12-19T13:38:22.491;2013-08-10;4959;0;1;95330;142;128;170;201;216;243;198;148;403;167;164;289;61;267;347;161;80;206;321;211;135;146;283;191;81;0;0;0;0;0;0;0;0;0;0;0;0;0;0;0;0;0;0;0;0;0;0;0;0;0;0;0;0;0;0;0;0;0;0;0;0;0;0;0;0;0;0;0;1;0;0;0;0;0;0;3514;2827;2949;3583;4514;3867;3065;2296;7176;3552;2953;5716;1328;4546;6885;2645;2142;3969;5823;4176;2757;3456;6068;3838;1685
2017-12-19T13:38:22.964;2013-08-11;4954;0;1;95339;142;128;169;200;216;242;198;148;402;168;164;289;61;267;346;161;80;206;321;210;136;146;283;190;81;0;0;0;0;0;0;0;0;0;0;0;0;0;0;0;0;0;0;0;0;0;0;0;0;0;0;0;0;0;0;0;0;0;0;0;0;0;0;0;0;0;0;0;1;0;0;0;0;0;0;3514;2827;2950;3584;4514;3868;3065;2296;7177;3552;2952;5716;1328;4547;6886;2645;2142;3968;5823;4179;2759;3456;6067;3839;1685
2017-12-19T13:38:24.026;2013-08-12;4950;0;1;95349;142;128;170;200;216;242;198;148;401;167;164;289;61;267;347;160;80;205;321;208;135;146;283;191;81;0;0;0;0;0;0;0;0;0;0;0;0;0;0;0;0;0;0;0;0;0;0;0;0;0;0;0;0;0;0;0;0;0;0;0;0;0;0;0;0;0;0;0;1;0;0;0;0;0;0;3514;2828;2950;3583;4514;3868;3065;2296;7178;3553;2954;5716;1328;4548;6886;2646;2142;3969;5823;4181;2760;3456;6067;3839;1685
2017-12-19T13:38:24.846;2013-08-13;4952;0;1;95348;143;128;170;200;217;241;198;148;402;167;163;289;61;267;348;160;80;205;321;208;135;146;283;191;81;0;0;0;0;0;0;0;0;0;0;0;0;0;0;0;0;0;0;0;0;0;0;0;0;0;0;0;0;0;0;0;0;0;0;0;0;0;0;0;0;0;0;0;1;0;0;0;0;0;0;3514;2828;2950;3583;4513;3869;3065;2296;7177;3553;2955;5716;1328;4548;6885;2646;2142;3969;5823;4181;2760;3456;6067;3839;1685
2017-12-19T13:38:25.715;2013-08-14;4947;0;1;95355;143;128;170;200;217;241;197;148;402;166;163;288;61;267;348;160;80;205;321;208;135;146;281;191;81;0;0;0;0;0;0;0;0;0;0;0;0;0;0;0;0;0;0;0;0;0;0;0;0;0;0;0;0;0;0;0;0;0;0;0;0;0;0;0;0;0;0;0;1;0;0;0;0;0;0;3513;2828;2950;3583;4513;3869;3066;2296;7178;3554;2955;5719;1328;4549;6885;2646;2142;3969;5823;4181;2760;3456;6068;3839;1685
2017-12-19T13:38:26.533;2013-08-15;4945;0;1;95360;142;128;170;200;217;241;197;147;401;166;163;288;61;267;348;161;80;205;321;208;135;146;281;191;81;0;0;0;0;0;0;0;0;0;0;0;0;0;0;0;0;0;0;0;0;0;0;0;0;0;0;0;0;0;0;0;0;0;0;0;0;0;0;0;0;0;0;0;1;0;0;0;0;0;0;3514;2828;2950;3583;4513;3869;3065;2297;7179;3555;2955;5720;1327;4549;6885;2646;2142;3969;5823;4181;2760;3456;6070;3839;1685
2017-12-19T13:38:28.263;2013-08-16;4944;0;1;95362;142;128;170;200;218;240;197;147;401;166;163;288;61;267;348;160;80;205;321;208;134;146;283;191;80;0;0;0;0;0;0;0;0;0;0;0;0;0;0;0;0;0;0;0;0;0;0;0;0;0;0;0;0;0;0;0;0;0;0;0;0;0;0;0;0;0;0;0;1;0;0;0;0;0;0;3514;2828;2950;3583;4513;3870;3065;2297;7178;3555;2955;5720;1327;4549;6885;2647;2141;3969;5823;4181;2761;3456;6070;3839;1686
2017-12-19T13:38:29.059;2013-08-17;4942;0;1;95365;143;128;170;199;218;240;197;147;402;166;163;287;61;267;348;160;80;205;320;208;134;146;282;191;80;0;0;0;0;0;0;0;0;0;0;0;0;0;0;0;0;0;0;0;0;0;0;0;0;0;0;0;0;0;0;0;0;0;0;0;0;0;0;0;0;0;0;0;1;0;0;0;0;0;0;3514;2828;2950;3584;4513;3870;3065;2297;7178;3555;2955;5720;1327;4549;6886;2647;2141;3968;5824;4181;2761;3456;6071;3839;1686
2017-12-19T13:38:29.52;2013-08-18;4944;0;1;95368;144;128;170;198;218;240;197;147;402;166;163;287;61;267;349;160;80;205;320;208;134;147;282;191;80;0;0;0;0;0;0;0;0;0;0;0;0;0;0;0;0;0;0;0;0;0;0;0;0;0;0;0;0;0;0;0;0;0;0;0;0;0;0;0;0;0;0;0;1;0;0;0;0;0;0;3514;2828;2950;3585;4512;3870;3065;2297;7178;3555;2955;5720;1327;4549;6889;2646;2141;3968;5824;4181;2762;3456;6071;3839;1686
2017-12-19T13:38:30.788;2013-08-19;4937;0;1;95381;145;128;169;197;218;240;197;146;402;165;163;287;60;268;347;160;80;205;320;208;133;147;282;190;80;0;0;0;0;0;0;0;0;0;0;0;0;0;0;0;0;0;0;0;0;0;0;0;0;0;0;0;0;0;0;0;0;0;0;0;0;0;0;0;0;0;0;0;1;0;0;0;0;0;0;3515;2828;2951;3586;4512;3870;3065;2298;7178;3556;2955;5720;1328;4549;6891;2647;2141;3968;5824;4181;2763;3456;6073;3840;1686
2017-12-19T13:38:31.598;2013-08-20;4932;0;1;95389;145;128;169;197;218;240;197;145;402;165;163;287;60;268;346;159;80;205;320;207;132;147;282;190;80;0;0;0;0;0;0;0;0;0;0;0;0;0;0;0;0;0;0;0;0;0;0;0;0;0;0;0;0;0;0;0;0;0;0;0;0;0;0;0;0;0;0;0;1;0;0;0;0;0;0;3515;2828;2951;3586;4512;3869;3065;2299;7178;3556;2955;5720;1328;4549;6892;2649;2141;3968;5826;4182;2764;3456;6073;3841;1686
2017-12-19T13:38:32.394;2013-08-21;4931;0;1;95395;144;129;169;197;218;240;197;145;402;165;162;287;60;268;346;159;80;205;320;207;132;147;282;190;80;0;0;0;0;0;0;0;0;0;0;0;0;0;0;0;0;0;0;0;0;0;0;0;0;0;0;0;0;0;0;0;0;0;0;0;0;0;0;0;0;0;0;0;1;0;0;0;0;0;0;3516;2828;2952;3586;4512;3869;3065;2303;7179;3555;2956;5720;1328;4549;6891;2649;2141;3968;5826;4182;2764;3456;6073;3841;1686
2017-12-19T13:38:33.329;2013-08-22;4925;0;1;95404;143;129;169;197;218;240;196;145;400;165;162;286;60;268;346;159;80;205;320;207;131;147;282;190;80;0;0;0;0;0;0;0;0;0;0;0;0;0;0;0;0;0;0;0;0;0;0;0;0;0;0;0;0;0;0;0;0;0;0;0;0;0;0;0;0;0;0;0;1;0;0;0;0;0;0;3517;2828;2952;3586;4512;3869;3066;2303;7180;3557;2956;5721;1328;4549;6891;2649;2141;3968;5825;4182;2765;3456;6075;3842;1686
2017-12-19T13:38:34.016;2013-08-23;4922;0;1;95410;142;127;169;197;218;240;196;145;400;165;162;286;60;268;346;159;80;205;320;207;131;147;281;191;80;0;0;0;0;0;0;0;0;0;0;0;0;0;0;0;0;0;0;0;0;0;0;0;0;0;0;0;0;0;0;0;0;0;0;0;0;0;0;0;0;0;0;0;1;0;0;0;0;0;0;3518;2830;2952;3586;4512;3869;3066;2303;7182;3557;2956;5721;1328;4549;6891;2649;2141;3968;5825;4182;2765;3456;6076;3842;1686
2017-12-19T13:38:34.737;2013-08-24;4920;0;1;95416;142;127;169;197;218;240;196;144;400;165;162;287;60;268;346;159;80;205;320;208;130;145;281;191;80;0;0;0;0;0;0;0;0;0;0;0;0;0;0;0;0;0;0;0;0;0;0;0;0;0;0;0;0;0;0;0;0;0;0;0;0;0;0;0;0;0;0;0;1;0;0;0;0;0;0;3519;2830;2952;3586;4512;3869;3066;2304;7182;3558;2956;5721;1328;4550;6891;2649;2140;3968;5825;4182;2766;3457;6077;3842;1686
2017-12-19T13:38:35.422;2013-08-25;4917;0;1;95425;142;127;169;197;218;240;196;144;402;165;162;287;60;267;346;159;80;204;319;208;130;145;280;191;79;0;0;0;0;0;0;0;0;0;0;0;0;0;0;0;0;0;0;0;0;0;0;0;0;0;0;0;0;0;0;0;0;0;0;0;0;0;0;0;0;0;0;0;1;0;0;0;0;0;0;3519;2830;2952;3586;4512;3871;3066;2304;7182;3557;2955;5721;1328;4551;6892;2649;2140;3969;5827;4182;2766;3460;6077;3842;1687
2017-12-19T13:38:36.364;2013-08-26;4918;0;1;95428;142;127;169;197;218;240;196;145;403;165;162;288;59;267;346;159;81;203;319;209;130;145;280;190;78;0;0;0;0;0;0;0;0;0;0;0;0;0;0;0;0;0;0;0;0;0;0;0;0;0;0;0;0;0;0;0;0;0;0;0;0;0;0;0;0;0;0;0;1;0;0;0;0;0;0;3519;2830;2952;3586;4512;3870;3066;2304;7182;3557;2955;5721;1329;4551;6892;2649;2140;3970;5827;4182;2765;3460;6078;3843;1688
2017-12-19T13:38:37.448;2013-08-27;4909;0;1;95438;142;126;168;197;218;240;196;145;403;163;162;286;59;267;346;158;81;203;319;208;130;144;280;190;78;0;0;0;0;0;0;0;0;0;0;0;0;0;0;0;0;0;0;0;0;0;0;0;0;0;0;0;0;0;0;0;0;0;0;0;0;0;0;0;0;0;0;0;1;0;0;0;0;0;0;3519;2831;2953;3587;4512;3870;3066;2304;7182;3558;2955;5723;1329;4551;6892;2650;2142;3970;5827;4183;2765;3461;6077;3843;1688
2017-12-19T13:38:38.188;2013-08-28;4907;0;1;95447;142;126;168;197;218;239;196;145;404;163;162;286;59;267;345;158;80;201;319;209;129;144;280;191;79;0;0;0;0;0;0;0;0;0;0;0;0;0;0;0;0;0;0;0;0;0;0;0;0;0;0;0;0;0;0;0;0;0;0;0;0;0;0;0;0;0;0;0;1;0;0;0;0;0;0;3519;2831;2953;3587;4512;3871;3066;2304;7182;3558;2955;5723;1329;4551;6892;2650;2143;3972;5826;4183;2765;3461;6078;3848;1688
2017-12-19T13:38:38.946;2013-08-29;4904;0;1;95458;142;126;168;196;217;239;194;145;404;163;163;286;59;268;344;158;80;201;318;209;129;144;280;191;80;0;0;0;0;0;0;0;0;0;0;0;0;0;0;0;0;0;0;0;0;0;0;0;0;0;0;0;0;0;0;0;0;0;0;0;0;0;0;0;0;0;0;0;1;0;0;0;0;0;0;3519;2831;2953;3588;4513;3871;3068;2304;7181;3558;2955;5731;1329;4550;6893;2650;2143;3972;5827;4183;2765;3461;6077;3848;1688
2017-12-19T13:38:39.631;2013-08-30;4897;0;1;95466;142;126;168;196;217;239;194;145;403;163;162;286;59;267;343;158;79;201;317;209;129;143;280;190;81;0;0;0;0;0;0;0;0;0;0;0;0;0;0;0;0;0;0;0;0;0;0;0;0;0;0;0;0;0;0;0;0;0;0;0;0;0;0;0;0;0;0;0;1;0;0;0;0;0;0;3519;2831;2952;3588;4513;3871;3068;2304;7182;3558;2956;5731;1329;4551;6894;2651;2144;3972;5829;4183;2764;3462;6077;3849;1688
2017-12-19T13:38:40.324;2013-08-31;4892;0;1;95474;142;124;168;196;217;239;195;145;403;163;161;287;59;267;342;157;79;202;318;208;128;141;280;190;81;0;0;0;0;0;0;0;0;0;0;0;0;0;0;0;0;0;0;0;0;0;0;0;0;0;0;0;0;0;0;0;0;0;0;0;0;0;0;0;0;0;0;0;1;0;0;0;0;0;0;3519;2833;2952;3588;4513;3871;3068;2302;7182;3558;2957;5733;1329;4551;6895;2652;2144;3972;5829;4185;2765;3463;6077;3849;1687
2017-12-19T13:38:40.884;2013-09-01;4894;0;1;95477;142;124;167;197;217;239;195;144;403;163;161;287;60;267;343;157;79;202;318;208;128;141;280;190;82;0;0;0;0;0;0;0;0;0;0;0;0;0;0;0;0;0;0;0;0;0;0;0;0;0;0;0;0;0;0;0;0;0;0;0;0;0;0;0;0;0;0;0;1;0;0;0;0;0;0;3521;2832;2953;3588;4513;3870;3068;2303;7183;3558;2957;5733;1329;4551;6895;2652;2144;3972;5830;4185;2764;3463;6077;3849;1687
2017-12-19T13:38:42.136;2013-09-02;4896;0;1;95482;142;124;167;197;217;239;196;144;405;163;162;287;60;267;342;157;79;202;318;208;128;141;280;189;82;0;0;0;0;0;0;0;0;0;0;0;0;0;0;0;0;0;0;0;0;0;0;0;0;0;0;0;0;0;0;0;0;0;0;0;0;0;0;0;0;0;0;0;1;0;0;0;0;0;0;3521;2832;2953;3588;4513;3870;3068;2303;7183;3558;2959;5733;1329;4551;6895;2652;2144;3972;5830;4185;2764;3463;6079;3850;1687
2017-12-19T13:38:43.384;2013-09-03;4893;0;1;95489;142;124;168;196;217;239;196;143;405;163;161;287;60;267;342;157;79;202;318;208;128;141;279;189;82;0;0;0;0;0;0;0;0;0;0;0;0;0;0;0;0;0;0;0;0;0;0;0;0;0;0;0;0;0;0;0;0;0;0;0;0;0;0;0;0;0;0;0;1;0;0;0;0;0;0;3521;2832;2953;3589;4513;3870;3070;2304;7184;3560;2960;5733;1329;4551;6895;2651;2144;3972;5830;4185;2764;3463;6079;3850;1687
2017-12-19T13:38:44.141;2013-09-04;4891;0;1;95496;142;123;168;196;217;239;195;143;405;163;161;287;60;268;343;157;80;202;319;206;127;141;278;189;82;0;0;0;0;0;0;0;0;0;0;0;0;0;0;0;0;0;0;0;0;0;0;0;0;0;0;0;0;0;0;0;0;0;0;0;0;0;0;0;0;0;0;0;1;0;0;0;0;0;0;3521;2833;2952;3589;4513;3870;3071;2304;7184;3560;2960;5735;1329;4551;6895;2652;2144;3971;5830;4187;2765;3463;6080;3850;1687
2017-12-19T13:38:45.678;2013-09-05;4896;0;1;95498;142;123;168;195;217;239;196;143;405;163;161;288;60;271;343;157;80;203;319;206;127;142;278;188;82;0;0;0;0;0;0;0;0;0;0;0;0;0;0;0;0;0;0;0;0;0;0;0;0;0;0;0;0;0;0;0;0;0;0;0;0;0;0;0;0;0;0;0;1;0;0;0;0;0;0;3521;2833;2952;3590;4513;3870;3072;2304;7184;3559;2960;5734;1329;4551;6893;2650;2144;3973;5830;4187;2765;3466;6080;3851;1687
2017-12-19T13:38:46.601;2013-09-06;4896;0;1;95503;143;123;168;196;217;239;196;143;405;163;161;288;60;270;343;157;80;203;318;206;127;141;278;188;83;0;0;0;0;0;0;0;0;0;0;0;0;0;0;0;0;0;0;0;0;0;0;0;0;0;0;0;0;0;0;0;0;0;0;0;0;0;0;0;0;0;0;0;1;0;0;0;0;0;0;3523;2832;2952;3590;4513;3870;3072;2304;7185;3559;2960;5734;1329;4552;6893;2650;2144;3973;5831;4188;2765;3467;6080;3851;1686
2017-12-19T13:38:47.591;2013-09-07;4890;0;1;95509;142;123;167;196;216;239;196;143;405;163;161;288;60;270;343;157;80;201;317;207;127;141;277;188;83;0;0;0;0;0;0;0;0;0;0;0;0;0;0;0;0;0;0;0;0;0;0;0;0;0;0;0;0;0;0;0;0;0;0;0;0;0;0;0;0;0;0;0;1;0;0;0;0;0;0;3524;2832;2953;3590;4514;3870;3072;2304;7185;3559;2960;5734;1329;4551;6893;2650;2144;3975;5833;4188;2765;3467;6080;3851;1686
2017-12-19T13:38:48.672;2013-09-08;4890;0;1;95523;143;123;167;196;216;239;195;143;405;163;161;288;60;271;344;157;79;199;318;206;127;142;277;188;83;0;0;0;0;0;0;0;0;0;0;0;0;0;0;0;0;0;0;0;0;0;0;0;0;0;0;0;0;0;0;0;0;0;0;0;0;0;0;0;0;0;0;0;1;0;0;0;0;0;0;3524;2832;2953;3590;4516;3870;3073;2304;7186;3559;2960;5735;1329;4551;6895;2650;2145;3977;5833;4189;2765;3469;6080;3851;1687
2017-12-19T13:38:49.765;2013-09-09;4892;0;1;95526;143;123;167;196;216;239;195;143;408;163;161;288;60;271;343;157;79;199;318;206;127;142;278;188;82;0;0;0;0;0;0;0;0;0;0;0;0;0;0;0;0;0;0;0;0;0;0;0;0;0;0;0;0;0;0;0;0;0;0;0;0;0;0;0;0;0;0;0;1;0;0;0;0;0;0;3524;2832;2953;3590;4515;3869;3073;2304;7186;3559;2959;5736;1329;4551;6897;2650;2145;3977;5833;4189;2765;3469;6082;3851;1688
2017-12-19T13:38:50.664;2013-09-10;4892;0;1;95534;143;123;167;195;216;240;195;143;408;163;161;289;60;271;343;157;79;199;317;206;127;142;278;188;82;0;0;0;0;0;0;0;0;0;0;0;0;0;0;0;0;0;0;0;0;0;0;0;0;0;0;0;0;0;0;0;0;0;0;0;0;0;0;0;0;0;0;0;1;0;0;0;0;0;0;3524;2832;2953;3591;4514;3869;3073;2304;7186;3559;2959;5736;1329;4551;6899;2650;2145;3977;5834;4189;2765;3469;6087;3851;1688
2017-12-19T13:38:51.468;2013-09-11;4893;0;1;95541;143;123;167;196;216;240;195;143;408;164;161;289;60;271;343;157;79;199;317;206;127;142;277;188;82;0;0;0;0;0;0;0;0;0;0;0;0;0;0;0;0;0;0;0;0;0;0;0;0;0;0;0;0;0;0;0;0;0;0;0;0;0;0;0;0;0;0;0;1;0;0;0;0;0;0;3524;2832;2953;3591;4514;3869;3073;2304;7186;3559;2959;5736;1330;4551;6901;2650;2145;3977;5834;4190;2765;3469;6090;3851;1688
2017-12-19T13:38:52.717;2013-09-12;4880;0;1;95555;142;123;167;196;216;240;195;143;407;164;160;287;60;270;341;157;79;198;315;205;127;142;276;188;82;0;0;0;0;0;0;0;0;0;0;0;0;0;0;0;0;0;0;0;0;0;0;0;0;0;0;0;0;0;0;0;0;0;0;0;0;0;0;0;0;0;0;0;1;0;0;0;0;0;0;3525;2832;2952;3591;4513;3869;3073;2304;7188;3559;2960;5738;1330;4552;6903;2650;2145;3978;5837;4191;2765;3468;6092;3852;1688
2017-12-19T13:38:53.674;2013-09-13;4879;0;1;95562;143;123;168;196;216;239;195;143;407;164;159;288;60;269;342;157;79;198;315;204;127;142;275;188;82;0;0;0;0;0;0;0;0;0;0;0;0;0;0;0;0;0;0;0;0;0;0;0;0;0;0;0;0;0;0;0;0;0;0;0;0;0;0;0;0;0;0;0;1;0;0;0;0;0;0;3525;2832;2952;3591;4511;3869;3073;2304;7188;3559;2961;5738;1330;4553;6903;2650;2145;3978;5838;4192;2765;3472;6093;3852;1688
2017-12-19T13:38:55.985;2013-09-14;4877;0;1;95567;144;123;168;196;216;239;195;143;408;164;160;289;59;266;342;157;79;197;315;204;127;141;275;188;82;0;0;0;0;0;0;0;0;0;0;0;0;0;0;0;0;0;0;0;0;0;0;0;0;0;0;0;0;0;0;0;0;0;0;0;0;0;0;0;0;0;0;0;1;0;0;0;0;0;0;3525;2832;2952;3591;4511;3868;3073;2304;7191;3559;2961;5738;1331;4555;6903;2649;2145;3979;5838;4192;2764;3473;6093;3852;1688
2017-12-19T13:38:56.513;2013-09-15;4878;0;1;95571;144;122;169;196;216;239;195;143;408;164;160;289;59;266;342;157;79;197;314;204;127;142;275;188;83;0;0;0;0;0;0;0;0;0;0;0;0;0;0;0;0;0;0;0;0;0;0;0;0;0;0;0;0;0;0;0;0;0;0;0;0;0;0;0;0;0;0;0;1;0;0;0;0;0;0;3525;2833;2952;3591;4511;3868;3073;2304;7191;3559;2961;5737;1331;4555;6903;2649;2145;3979;5839;4192;2764;3473;6096;3852;1688
2017-12-19T13:38:57.509;2013-09-16;4874;0;1;95577;144;122;170;195;216;238;195;143;407;163;160;290;59;266;342;156;79;196;314;204;127;142;275;188;83;0;0;0;0;0;0;0;0;0;0;0;0;0;0;0;0;0;0;0;0;0;0;0;0;0;0;0;0;0;0;0;0;0;0;0;0;0;0;0;0;0;0;0;1;0;0;0;0;0;0;3525;2833;2952;3592;4511;3869;3073;2304;7191;3560;2961;5737;1331;4556;6903;2649;2145;3980;5839;4192;2764;3473;6097;3852;1688
2017-12-19T13:38:58.239;2013-09-17;4868;0;1;95592;144;121;170;196;216;238;194;143;406;163;159;289;59;266;342;156;79;196;314;204;126;142;274;188;83;0;0;0;0;0;0;0;0;0;0;0;0;0;0;0;0;0;0;0;0;0;0;0;0;0;0;0;0;0;0;0;0;0;0;0;0;0;0;0;0;0;0;0;1;0;0;0;0;0;0;3530;2834;2952;3592;4511;3869;3075;2304;7192;3560;2962;5738;1331;4556;6903;2650;2145;3980;5838;4192;2766;3473;6099;3852;1688
2017-12-19T13:38:58.993;2013-09-18;4863;0;1;95606;144;121;169;195;216;238;193;143;404;164;159;289;58;267;342;157;78;196;314;203;126;142;274;188;83;0;0;0;0;0;0;0;0;0;0;0;0;0;0;0;0;0;0;0;0;0;0;0;0;0;0;0;0;0;0;0;0;0;0;0;0;0;0;0;0;0;0;0;1;0;0;0;0;0;0;3530;2834;2953;3593;4512;3869;3076;2303;7198;3560;2962;5738;1332;4556;6903;2650;2146;3980;5840;4193;2766;3473;6099;3852;1688
2017-12-19T13:38:59.728;2013-09-19;4859;0;1;95617;144;121;168;195;216;238;192;142;404;165;159;289;58;267;343;156;78;196;313;202;126;141;274;189;83;0;0;0;0;0;0;0;0;0;0;0;0;0;0;0;0;0;0;0;0;0;0;0;0;0;0;0;0;0;0;0;0;0;0;0;0;0;0;0;0;0;0;0;1;0;0;0;0;0;0;3530;2834;2954;3593;4512;3869;3076;2304;7198;3560;2962;5742;1332;4556;6903;2651;2146;3980;5841;4194;2766;3475;6099;3852;1688
2017-12-19T13:39:00.404;2013-09-20;4853;0;1;95628;144;121;168;194;215;238;190;142;403;164;159;291;58;267;343;155;78;196;313;202;126;141;273;189;83;0;0;0;0;0;0;0;0;0;0;0;0;0;0;0;0;0;0;0;0;0;0;0;0;0;0;0;0;0;0;0;0;0;0;0;0;0;0;0;0;0;0;0;1;0;0;0;0;0;0;3529;2834;2954;3594;4512;3869;3078;2304;7199;3561;2962;5742;1332;4557;6903;2652;2146;3980;5841;4195;2766;3475;6103;3852;1688
2017-12-19T13:39:01.122;2013-09-21;4851;0;1;95632;144;121;167;194;215;238;189;142;404;164;159;291;58;266;342;156;78;196;313;202;126;141;273;189;83;0;0;0;0;0;0;0;0;0;0;0;0;0;0;0;0;0;0;0;0;0;0;0;0;0;0;0;0;0;0;0;0;0;0;0;0;0;0;0;0;0;0;0;1;0;0;0;0;0;0;3529;2834;2954;3594;4511;3869;3079;2304;7199;3561;2962;5746;1332;4557;6904;2652;2146;3980;5841;4195;2766;3475;6103;3852;1687
2017-12-19T13:39:01.593;2013-09-22;4849;0;1;95640;144;121;167;194;215;238;189;142;404;164;160;292;58;265;342;156;77;195;313;201;126;141;273;189;83;0;0;0;0;0;0;0;0;0;0;0;0;0;0;0;0;0;0;0;0;0;0;0;0;0;0;0;0;0;0;0;0;0;0;0;0;0;0;0;0;0;0;0;1;0;0;0;0;0;0;3529;2834;2954;3594;4511;3869;3079;2304;7201;3561;2962;5746;1332;4558;6904;2654;2147;3981;5841;4196;2766;3475;6103;3852;1687
2017-12-19T13:39:02.46;2013-09-23;4849;0;1;95649;144;121;167;193;215;238;188;142;404;164;160;292;58;266;342;157;77;195;312;201;126;141;274;189;83;0;0;0;0;0;0;0;0;0;0;0;0;0;0;0;0;0;0;0;0;0;0;0;0;0;0;0;0;0;0;0;0;0;0;0;0;0;0;0;0;0;0;0;1;0;0;0;0;0;0;3530;2834;2954;3595;4511;3869;3080;2304;7200;3561;2962;5746;1332;4558;6905;2654;2147;3981;5842;4196;2766;3475;6107;3852;1688
2017-12-19T13:39:03.126;2013-09-24;4847;0;1;95656;144;121;167;193;215;238;188;142;405;164;159;292;58;266;340;157;77;195;312;201;126;141;274;189;83;0;0;0;0;0;0;0;0;0;0;0;0;0;0;0;0;0;0;0;0;0;0;0;0;0;0;0;0;0;0;0;0;0;0;0;0;0;0;0;0;0;0;0;1;0;0;0;0;0;0;3530;2834;2954;3595;4511;3869;3080;2304;7200;3561;2963;5749;1332;4558;6907;2654;2147;3981;5842;4197;2766;3475;6107;3852;1688
2017-12-19T13:39:03.816;2013-09-25;4839;0;1;95666;144;121;167;192;215;237;188;142;405;164;159;292;58;266;336;156;77;194;312;201;126;141;274;189;83;0;0;0;0;0;0;0;0;0;0;0;0;0;0;0;0;0;0;0;0;0;0;0;0;0;0;0;0;0;0;0;0;0;0;0;0;0;0;0;0;0;0;0;1;0;0;0;0;0;0;3530;2834;2954;3596;4511;3870;3080;2304;7199;3561;2965;5749;1332;4558;6911;2654;2147;3982;5842;4199;2766;3475;6107;3852;1688
2017-12-19T13:39:04.656;2013-09-26;4835;0;1;95670;144;121;166;191;214;237;188;142;405;163;159;292;58;266;336;156;77;194;311;202;126;141;274;189;83;0;0;0;0;0;0;0;0;0;0;0;0;0;0;0;0;0;0;0;0;0;0;0;0;0;0;0;0;0;0;0;0;0;0;0;0;0;0;0;0;0;0;0;1;0;0;0;0;0;0;3530;2834;2955;3597;4511;3870;3080;2304;7198;3562;2965;5749;1332;4558;6910;2654;2147;3982;5846;4198;2766;3475;6107;3852;1688
2017-12-19T13:39:05.954;2013-09-27;4830;0;1;95678;145;121;166;191;214;237;188;142;406;162;159;291;58;266;336;156;76;193;311;202;125;141;273;188;83;0;0;0;0;0;0;0;0;0;0;0;0;0;0;0;0;0;0;0;0;0;0;0;0;0;0;0;0;0;0;0;0;0;0;0;0;0;0;0;0;0;0;0;1;0;0;0;0;0;0;3530;2834;2955;3597;4511;3870;3080;2304;7199;3563;2965;5750;1332;4557;6910;2654;2148;3983;5846;4198;2767;3476;6108;3853;1688
2017-12-19T13:39:06.649;2013-09-28;4829;0;1;95686;145;121;165;191;214;237;188;142;406;162;159;291;58;266;336;155;76;193;311;202;125;142;274;187;83;0;0;0;0;0;0;0;0;0;0;0;0;0;0;0;0;0;0;0;0;0;0;0;0;0;0;0;0;0;0;0;0;0;0;0;0;0;0;0;0;0;0;0;1;0;0;0;0;0;0;3531;2834;2956;3597;4511;3872;3080;2304;7199;3562;2965;5750;1332;4557;6910;2655;2148;3983;5846;4198;2767;3476;6111;3854;1688
2017-12-19T13:39:07.141;2013-09-29;4824;0;1;95695;145;122;165;190;214;237;188;142;404;162;158;291;58;266;336;155;75;193;311;202;124;142;274;187;83;0;0;0;0;0;0;0;0;0;0;0;0;0;0;0;0;0;0;0;0;0;0;0;0;0;0;0;0;0;0;0;0;0;0;0;0;0;0;0;0;0;0;0;1;0;0;0;0;0;0;3531;2834;2956;3598;4511;3872;3080;2304;7202;3562;2966;5751;1332;4558;6910;2655;2149;3983;5846;4198;2768;3476;6111;3854;1688
2017-12-19T13:39:08.702;2013-09-30;4825;0;1;95703;145;122;165;190;214;236;188;142;402;162;158;291;58;267;336;155;75;195;313;202;124;142;274;186;83;0;0;0;0;0;0;0;0;0;0;0;0;0;0;0;0;0;0;0;0;0;0;0;0;0;0;0;0;0;0;0;0;0;0;0;0;0;0;0;0;0;0;0;1;0;0;0;0;0;0;3532;2834;2956;3598;4510;3873;3080;2304;7204;3562;2966;5751;1332;4558;6911;2655;2149;3986;5846;4198;2768;3476;6111;3855;1688
2017-12-19T13:39:09.431;2013-10-01;4826;0;1;95708;145;122;165;190;214;235;188;142;402;161;158;291;58;269;336;155;76;195;313;202;125;142;272;187;83;0;0;0;0;0;0;0;0;0;0;0;0;0;0;0;0;0;0;0;0;0;0;0;0;0;0;0;0;0;0;0;0;0;0;0;0;0;0;0;0;0;0;0;1;0;0;0;0;0;0;3532;2834;2956;3598;4510;3874;3080;2304;7204;3564;2966;5751;1332;4558;6912;2655;2149;3986;5846;4198;2768;3476;6112;3855;1688
2017-12-19T13:39:10.309;2013-10-02;4826;0;1;95712;145;122;166;189;214;236;188;142;402;161;158;290;58;269;336;155;76;195;312;202;124;142;274;187;83;0;0;0;0;0;0;0;0;0;0;0;0;0;0;0;0;0;0;0;0;0;0;0;0;0;0;0;0;0;0;0;0;0;0;0;0;0;0;0;0;0;0;0;1;0;0;0;0;0;0;3531;2834;2956;3599;4510;3874;3079;2304;7204;3564;2966;5752;1332;4558;6914;2655;2149;3986;5847;4199;2768;3476;6112;3855;1688
2017-12-19T13:39:11.729;2013-10-03;4824;0;1;95719;145;121;165;189;214;235;188;141;401;161;158;290;58;269;337;155;76;195;312;202;124;142;274;188;84;0;0;0;0;0;0;0;0;0;0;0;0;0;0;0;0;0;0;0;0;0;0;0;0;0;0;0;0;0;0;0;0;0;0;0;0;0;0;0;0;0;0;0;1;0;0;0;0;0;0;3531;2835;2957;3599;4510;3875;3079;2305;7205;3564;2966;5752;1332;4558;6915;2656;2149;3985;5846;4199;2770;3476;6112;3855;1688
2017-12-19T13:39:12.413;2013-10-04;4821;0;1;95727;145;121;165;189;213;234;188;142;400;162;158;290;58;269;337;154;76;195;312;202;124;141;274;188;84;0;0;0;0;0;0;0;0;0;0;0;0;0;0;0;0;0;0;0;0;0;0;0;0;0;0;0;0;0;0;0;0;0;0;0;0;0;0;0;0;0;0;0;1;0;0;0;0;0;0;3531;2835;2957;3599;4510;3876;3079;2309;7206;3564;2966;5752;1332;4558;6915;2657;2149;3985;5846;4199;2770;3477;6112;3855;1688
2017-12-19T13:39:13.069;2013-10-05;4820;0;1;95727;144;121;165;189;213;234;188;142;400;162;157;290;58;269;337;154;76;196;312;202;124;141;274;188;84;0;0;0;0;0;0;0;0;0;0;0;0;0;0;0;0;0;0;0;0;0;0;0;0;0;0;0;0;0;0;0;0;0;0;0;0;0;0;0;0;0;0;0;1;0;0;0;0;0;0;3532;2835;2957;3599;4510;3876;3079;2309;7206;3564;2966;5752;1332;4558;6915;2657;2149;3985;5846;4198;2770;3477;6112;3855;1688
2017-12-19T13:39:13.669;2013-10-06;4816;0;1;95729;144;121;165;189;213;234;187;141;400;162;157;289;58;269;337;154;76;195;312;202;124;141;274;188;84;0;0;0;0;0;0;0;0;0;0;0;0;0;0;0;0;0;0;0;0;0;0;0;0;0;0;0;0;0;0;0;0;0;0;0;0;0;0;0;0;0;0;0;1;0;0;0;0;0;0;3532;2835;2957;3599;4510;3876;3079;2309;7206;3564;2966;5753;1332;4558;6915;2657;2149;3986;5846;4198;2770;3477;6112;3855;1688
2017-12-19T13:39:14.995;2013-10-07;4817;0;1;95735;144;122;166;189;213;236;187;141;400;162;156;290;58;269;337;153;76;195;311;200;124;141;274;188;85;0;0;0;0;0;0;0;0;0;0;0;0;0;0;0;0;0;0;0;0;0;0;0;0;0;0;0;0;0;0;0;0;0;0;0;0;0;0;0;0;0;0;0;1;0;0;0;0;0;0;3532;2835;2957;3599;4510;3877;3079;2309;7206;3564;2966;5753;1332;4558;6916;2658;2149;3986;5847;4200;2770;3477;6112;3855;1688
2017-12-19T13:39:15.706;2013-10-08;4814;0;1;95739;144;121;166;189;213;236;187;141;400;162;156;290;58;269;334;153;76;195;310;200;124;141;275;189;85;0;0;0;0;0;0;0;0;0;0;0;0;0;0;0;0;0;0;0;0;0;0;0;0;0;0;0;0;0;0;0;0;0;0;0;0;0;0;0;0;0;0;0;1;0;0;0;0;0;0;3532;2836;2957;3599;4510;3877;3079;2309;7205;3564;2966;5753;1332;4558;6919;2658;2148;3986;5847;4200;2770;3477;6114;3855;1688
2017-12-19T13:39:16.448;2013-10-09;4811;0;1;95745;144;121;166;189;212;235;187;141;400;161;155;289;58;270;334;153;76;195;310;200;124;141;275;190;85;0;0;0;0;0;0;0;0;0;0;0;0;0;0;0;0;0;0;0;0;0;0;0;0;0;0;0;0;0;0;0;0;0;0;0;0;0;0;0;0;0;0;0;1;0;0;0;0;0;0;3531;2836;2957;3599;4511;3878;3079;2309;7204;3565;2967;5754;1332;4558;6919;2658;2148;3986;5847;4202;2770;3478;6114;3855;1688
2017-12-19T13:39:17.235;2013-10-10;4814;0;1;95752;145;121;166;189;213;235;187;141;400;161;156;289;58;272;333;153;76;194;310;200;124;141;275;190;85;0;0;0;0;0;0;0;0;0;0;0;0;0;0;0;0;0;0;0;0;0;0;0;0;0;0;0;0;0;0;0;0;0;0;0;0;0;0;0;0;0;0;0;1;0;0;0;0;0;0;3531;2836;2957;3599;4511;3878;3078;2309;7205;3565;2967;5754;1332;4558;6924;2658;2147;3987;5847;4204;2770;3478;6114;3855;1688
2017-12-19T13:39:17.895;2013-10-11;4814;0;1;95754;145;120;166;189;213;235;187;141;400;161;156;289;58;272;334;153;76;195;310;200;124;140;274;191;85;0;0;0;0;0;0;0;0;0;0;0;0;0;0;0;0;0;0;0;0;0;0;0;0;0;0;0;0;0;0;0;0;0;0;0;0;0;0;0;0;0;0;0;1;0;0;0;0;0;0;3531;2837;2957;3600;4511;3878;3078;2309;7205;3565;2967;5754;1332;4558;6924;2657;2147;3987;5847;4203;2770;3479;6115;3855;1688
2017-12-19T13:39:18.628;2013-10-12;4813;0;1;95761;145;120;166;189;213;235;188;141;400;161;157;287;58;272;334;153;76;195;310;200;124;140;273;191;85;0;0;0;0;0;0;0;0;0;0;0;0;0;0;0;0;0;0;0;0;0;0;0;0;0;0;0;0;0;0;0;0;0;0;0;0;0;0;0;0;0;0;0;1;0;0;0;0;0;0;3531;2837;2957;3600;4510;3878;3078;2309;7206;3567;2967;5756;1332;4558;6924;2657;2147;3987;5847;4203;2770;3479;6116;3857;1688
2017-12-19T13:39:20.043;2013-10-13;4810;0;1;95771;145;119;166;190;214;234;188;141;402;161;157;287;57;273;333;153;75;194;309;201;122;140;273;191;85;0;0;0;0;0;0;0;0;0;0;0;0;0;0;0;0;0;0;0;0;0;0;0;0;0;0;0;0;0;0;0;0;0;0;0;0;0;0;0;0;0;0;0;1;0;0;0;0;0;0;3531;2838;2957;3600;4510;3879;3078;2309;7206;3567;2967;5757;1333;4558;6925;2657;2148;3988;5848;4203;2772;3479;6116;3857;1688
2017-12-19T13:39:20.869;2013-10-14;4810;0;1;95777;145;119;166;189;214;234;188;141;401;161;157;287;57;274;333;153;75;194;309;201;122;140;274;191;85;0;0;0;0;0;0;0;0;0;0;0;0;0;0;0;0;0;0;0;0;0;0;0;0;0;0;0;0;0;0;0;0;0;0;0;0;0;0;0;0;0;0;0;1;0;0;0;0;0;0;3531;2838;2957;3601;4510;3879;3078;2309;7207;3567;2967;5757;1333;4558;6925;2658;2148;3988;5848;4203;2772;3479;6119;3857;1688
2017-12-19T13:39:21.612;2013-10-15;4806;0;1;95784;145;118;167;189;215;234;188;140;401;161;157;287;57;273;332;153;75;194;309;199;122;140;273;192;85;0;0;0;0;0;0;0;0;0;0;0;0;0;0;0;0;0;0;0;0;0;0;0;0;0;0;0;0;0;0;0;0;0;0;0;0;0;0;0;0;0;0;0;1;0;0;0;0;0;0;3531;2839;2957;3601;4509;3878;3080;2310;7207;3567;2967;5757;1333;4559;6926;2658;2148;3988;5848;4205;2772;3479;6120;3857;1688
2017-12-19T13:39:22.356;2013-10-16;4805;0;1;95790;145;118;167;189;216;234;188;140;401;161;157;287;57;274;332;153;75;194;308;199;121;140;272;192;85;0;0;0;0;0;0;0;0;0;0;0;0;0;0;0;0;0;0;0;0;0;0;0;0;0;0;0;0;0;0;0;0;0;0;0;0;0;0;0;0;0;0;0;1;0;0;0;0;0;0;3533;2839;2957;3601;4509;3878;3081;2310;7207;3567;2969;5757;1333;4559;6926;2658;2148;3988;5849;4205;2772;3478;6121;3857;1688
2017-12-19T13:39:23.961;2013-10-17;4804;0;1;95797;145;118;168;188;216;234;187;140;402;160;157;286;57;274;332;152;76;194;308;199;121;141;272;192;85;0;0;0;0;0;0;0;0;0;0;0;0;0;0;0;0;0;0;0;0;0;0;0;0;0;0;0;0;0;0;0;0;0;0;0;0;0;0;0;0;0;0;0;1;0;0;0;0;0;0;3533;2839;2957;3602;4509;3878;3082;2310;7207;3568;2969;5758;1333;4558;6926;2659;2148;3988;5849;4205;2772;3478;6124;3857;1688
2017-12-19T13:39:24.767;2013-10-18;4800;0;1;95801;144;118;168;188;216;235;187;139;402;160;156;287;57;274;332;151;75;194;307;199;121;141;272;192;85;0;0;0;0;0;0;0;0;0;0;0;0;0;0;0;0;0;0;0;0;0;0;0;0;0;0;0;0;0;0;0;0;0;0;0;0;0;0;0;0;0;0;0;1;0;0;0;0;0;0;3534;2839;2957;3602;4508;3878;3082;2310;7207;3568;2970;5759;1333;4558;6926;2660;2149;3988;5850;4204;2772;3478;6124;3857;1688
2017-12-19T13:39:25.522;2013-10-19;4801;0;1;95807;144;118;168;188;217;236;187;138;401;159;156;287;57;274;332;151;76;194;307;199;121;142;271;193;85;0;0;0;0;0;0;0;0;0;0;0;0;0;0;0;0;0;0;0;0;0;0;0;0;0;0;0;0;0;0;0;0;0;0;0;0;0;0;0;0;0;0;0;1;0;0;0;0;0;0;3534;2839;2957;3602;4508;3878;3083;2311;7208;3569;2970;5759;1333;4558;6925;2659;2151;3988;5850;4204;2772;3478;6126;3857;1688
2017-12-19T13:39:26.489;2013-10-20;4794;0;1;95811;144;118;168;187;216;236;187;138;401;159;156;287;57;274;331;151;76;194;306;198;120;142;270;193;85;0;0;0;0;0;0;0;0;0;0;0;0;0;0;0;0;0;0;0;0;0;0;0;0;0;0;0;0;0;0;0;0;0;0;0;0;0;0;0;0;0;0;0;1;0;0;0;0;0;0;3534;2838;2957;3603;4509;3878;3083;2311;7208;3569;2970;5759;1333;4558;6925;2659;2151;3987;5851;4205;2773;3478;6127;3857;1688
2017-12-19T13:39:27.397;2013-10-21;4791;0;1;95820;144;118;167;186;216;237;187;138;401;158;156;287;57;274;331;151;75;194;306;198;120;142;270;193;85;0;0;0;0;0;0;0;0;0;0;0;0;0;0;0;0;0;0;0;0;0;0;0;0;0;0;0;0;0;0;0;0;0;0;0;0;0;0;0;0;0;0;0;1;0;0;0;0;0;0;3534;2840;2958;3604;4509;3878;3083;2311;7208;3569;2970;5759;1333;4557;6924;2659;2152;3987;5852;4205;2773;3478;6127;3862;1688
2017-12-19T13:39:28.157;2013-10-22;4785;0;1;95826;144;118;166;186;216;237;186;137;400;158;156;285;57;275;330;151;75;195;306;198;120;142;269;193;85;0;0;0;0;0;0;0;0;0;0;0;0;0;0;0;0;0;0;0;0;0;0;0;0;0;0;0;0;0;0;0;0;0;0;0;0;0;0;0;0;0;0;0;1;0;0;0;0;0;0;3534;2839;2959;3604;4509;3877;3084;2312;7209;3569;2970;5760;1333;4558;6925;2659;2152;3987;5851;4205;2773;3479;6128;3862;1688
2017-12-19T13:39:29;2013-10-23;4780;0;1;95838;144;118;167;185;215;237;186;137;398;155;156;285;57;276;330;151;75;195;306;198;120;142;269;193;85;0;0;0;0;0;0;0;0;0;0;0;0;0;0;0;0;0;0;0;0;0;0;0;0;0;0;0;0;0;0;0;0;0;0;0;0;0;0;0;0;0;0;0;1;0;0;0;0;0;0;3534;2839;2959;3605;4510;3877;3084;2312;7211;3571;2970;5763;1333;4558;6925;2659;2152;3990;5851;4205;2773;3479;6128;3862;1688
2017-12-19T13:39:30.157;2013-10-24;4783;0;1;95838;144;119;167;185;215;238;186;137;398;155;156;285;57;277;330;152;75;195;306;198;119;142;269;193;85;0;0;0;0;0;0;0;0;0;0;0;0;0;0;0;0;0;0;0;0;0;0;0;0;0;0;0;0;0;0;0;0;0;0;0;0;0;0;0;0;0;0;0;1;0;0;0;0;0;0;3534;2836;2959;3604;4510;3877;3084;2312;7211;3571;2970;5764;1333;4558;6925;2659;2152;3990;5851;4205;2774;3482;6127;3862;1688
2017-12-19T13:39:30.996;2013-10-25;4780;0;1;95842;144;119;167;185;214;237;186;136;397;155;156;285;58;278;330;152;74;195;306;198;119;142;269;193;85;0;0;0;0;0;0;0;0;0;0;0;0;0;0;0;0;0;0;0;0;0;0;0;0;0;0;0;0;0;0;0;0;0;0;0;0;0;0;0;0;0;0;0;1;0;0;0;0;0;0;3534;2836;2959;3608;4511;3877;3084;2313;7211;3571;2970;5764;1333;4558;6923;2659;2153;3990;5850;4205;2774;3482;6127;3862;1688
2017-12-19T13:39:31.639;2013-10-26;4778;0;1;95848;144;118;166;184;214;237;186;136;397;155;156;287;58;277;330;153;74;194;306;198;119;142;269;193;85;0;0;0;0;0;0;0;0;0;0;0;0;0;0;0;0;0;0;0;0;0;0;0;0;0;0;0;0;0;0;0;0;0;0;0;0;0;0;0;0;0;0;0;1;0;0;0;0;0;0;3534;2837;2960;3609;4511;3877;3084;2313;7211;3571;2970;5764;1333;4559;6923;2659;2153;3991;5850;4205;2774;3483;6127;3862;1688
2017-12-19T13:39:32.739;2013-10-27;4768;0;1;95860;144;118;166;184;213;236;185;135;396;154;157;287;58;275;330;153;74;194;304;198;119;141;269;194;84;0;0;0;0;0;0;0;0;0;0;0;0;0;0;0;0;0;0;0;0;0;0;0;0;0;0;0;0;0;0;0;0;0;0;0;0;0;0;0;0;0;0;0;1;0;0;0;0;0;0;3534;2837;2960;3609;4512;3877;3085;2314;7212;3572;2970;5764;1333;4561;6923;2659;2153;3991;5853;4206;2774;3483;6127;3862;1689
2017-12-19T13:39:33.611;2013-10-28;4767;0;1;95858;144;118;166;184;213;237;184;135;396;153;157;287;58;274;331;153;74;194;304;198;119;141;269;194;84;0;0;0;0;0;0;0;0;0;0;0;0;0;0;0;0;0;0;0;0;0;0;0;0;0;0;0;0;0;0;0;0;0;0;0;0;0;0;0;0;0;0;0;1;0;0;0;0;0;0;3534;2837;2960;3609;4512;3877;3085;2314;7212;3573;2970;5763;1333;4562;6922;2659;2153;3991;5853;4205;2774;3483;6126;3862;1689
2017-12-19T13:39:34.354;2013-10-29;4761;0;1;95869;144;118;166;184;213;236;184;135;396;153;157;287;58;274;331;152;74;193;302;198;119;141;268;194;84;0;0;0;0;0;0;0;0;0;0;0;0;0;0;0;0;0;0;0;0;0;0;0;0;0;0;0;0;0;0;0;0;0;0;0;0;0;0;0;0;0;0;0;1;0;0;0;0;0;0;3534;2837;2960;3609;4512;3878;3085;2314;7212;3575;2970;5763;1335;4563;6922;2660;2153;3992;5855;4205;2774;3483;6127;3862;1689
2017-12-19T13:39:36.04;2013-10-30;4761;0;1;95871;144;118;166;184;214;236;184;135;396;153;157;288;58;274;331;152;74;193;302;198;118;141;267;194;84;0;0;0;0;0;0;0;0;0;0;0;0;0;0;0;0;0;0;0;0;0;0;0;0;0;0;0;0;0;0;0;0;0;0;0;0;0;0;0;0;0;0;0;1;0;0;0;0;0;0;3534;2837;2960;3609;4512;3878;3085;2314;7212;3575;2970;5763;1335;4562;6922;2660;2153;3993;5855;4205;2775;3483;6128;3862;1689
2017-12-19T13:39:36.786;2013-10-31;4763;0;1;95874;144;118;166;182;215;236;184;135;398;153;157;289;58;274;330;153;74;193;301;198;118;141;267;195;84;0;0;0;0;0;0;0;0;0;0;0;0;0;0;0;0;0;0;0;0;0;0;0;0;0;0;0;0;0;0;0;0;0;0;0;0;0;0;0;0;0;0;0;1;0;0;0;0;0;0;3534;2837;2960;3611;4512;3878;3085;2314;7212;3575;2970;5763;1335;4562;6922;2660;2153;3993;5856;4205;2775;3483;6128;3862;1689
2017-12-19T13:39:37.508;2013-11-01;4761;0;1;95876;144;118;166;183;216;235;184;135;397;153;157;289;58;274;330;153;74;193;301;198;118;140;267;194;84;0;0;0;0;0;0;0;0;0;0;0;0;0;0;0;0;0;0;0;0;0;0;0;0;0;0;0;0;0;0;0;0;0;0;0;0;0;0;0;0;0;0;0;1;0;0;0;0;0;0;3534;2837;2960;3610;4512;3879;3085;2314;7213;3575;2970;5763;1335;4561;6923;2660;2153;3993;5855;4205;2775;3484;6128;3863;1689
2017-12-19T13:39:39.483;2013-11-02;4757;0;1;95886;144;118;166;182;216;234;183;135;396;153;157;288;58;273;330;153;74;193;301;199;118;140;265;196;85;0;0;0;0;0;0;0;0;0;0;0;0;0;0;0;0;0;0;0;0;0;0;0;0;0;0;0;0;0;0;0;0;0;0;0;0;0;0;0;0;0;0;0;1;0;0;0;0;0;0;3534;2837;2960;3611;4512;3880;3086;2314;7214;3575;2970;5764;1335;4562;6923;2660;2153;3993;5855;4205;2775;3483;6133;3863;1689
2017-12-19T13:39:40.004;2013-11-03;4751;0;1;95892;144;118;166;179;216;234;182;135;396;153;157;289;58;273;329;153;74;193;301;199;118;140;264;195;85;0;0;0;0;0;0;0;0;0;0;0;0;0;0;0;0;0;0;0;0;0;0;0;0;0;0;0;0;0;0;0;0;0;0;0;0;0;0;0;0;0;0;0;1;0;0;0;0;0;0;3534;2837;2960;3614;4513;3880;3086;2314;7215;3575;2970;5764;1334;4562;6923;2660;2153;3993;5855;4204;2775;3484;6134;3864;1689
2017-12-19T13:39:40.894;2013-11-04;4747;0;1;95898;144;118;165;178;216;234;183;135;395;153;157;289;58;272;328;153;75;193;300;199;118;140;264;195;85;0;0;0;0;0;0;0;0;0;0;0;0;0;0;0;0;0;0;0;0;0;0;0;0;0;0;0;0;0;0;0;0;0;0;0;0;0;0;0;0;0;0;0;1;0;0;0;0;0;0;3535;2837;2961;3615;4513;3881;3085;2314;7216;3574;2970;5767;1333;4563;6923;2660;2153;3993;5856;4204;2775;3484;6134;3864;1688
2017-12-19T13:39:41.637;2013-11-05;4742;0;1;95912;145;117;165;178;215;234;184;135;394;152;157;289;58;271;328;153;75;193;300;199;118;140;263;194;85;0;0;0;0;0;0;0;0;0;0;0;0;0;0;0;0;0;0;0;0;0;0;0;0;0;0;0;0;0;0;0;0;0;0;0;0;0;0;0;0;0;0;0;1;0;0;0;0;0;0;3535;2838;2961;3615;4514;3881;3085;2319;7217;3575;2970;5768;1333;4564;6923;2660;2153;3993;5857;4203;2775;3484;6135;3865;1689
2017-12-19T13:39:43.21;2013-11-06;4737;0;1;95926;143;117;165;175;214;233;185;135;396;153;157;290;58;269;329;153;75;193;299;198;118;140;263;194;85;0;0;0;0;0;0;0;0;0;0;0;0;0;0;0;0;0;0;0;0;0;0;0;0;0;0;0;0;0;0;0;0;0;0;0;0;0;0;0;0;0;0;0;1;0;0;0;0;0;0;3537;2838;2961;3618;4515;3882;3084;2319;7220;3575;2970;5768;1333;4566;6923;2660;2153;3994;5858;4204;2775;3484;6135;3865;1689
2017-12-19T13:39:43.973;2013-11-07;4735;0;1;95929;143;117;165;175;214;233;186;135;396;153;157;289;58;270;329;153;75;193;298;197;118;140;263;193;85;0;0;0;0;0;0;0;0;0;0;0;0;0;0;0;0;0;0;0;0;0;0;0;0;0;0;0;0;0;0;0;0;0;0;0;0;0;0;0;0;0;0;0;1;0;0;0;0;0;0;3537;2838;2961;3618;4515;3882;3084;2318;7221;3575;2970;5769;1332;4566;6924;2660;2153;3994;5859;4205;2774;3484;6135;3866;1689
2017-12-19T13:39:44.633;2013-11-08;4731;0;1;95940;143;117;165;174;214;234;186;135;396;153;157;290;58;270;326;153;75;192;297;196;118;141;262;194;85;0;0;0;0;0;0;0;0;0;0;0;0;0;0;0;0;0;0;0;0;0;0;0;0;0;0;0;0;0;0;0;0;0;0;0;0;0;0;0;0;0;0;0;1;0;0;0;0;0;0;3537;2838;2961;3619;4514;3882;3084;2318;7222;3575;2970;5769;1332;4566;6927;2660;2153;3995;5860;4206;2774;3487;6136;3866;1689
2017-12-19T13:39:45.277;2013-11-09;4729;0;1;95944;143;117;165;175;214;234;186;135;396;153;157;289;58;269;326;153;76;191;297;196;117;142;262;193;85;0;0;0;0;0;0;0;0;0;0;0;0;0;0;0;0;0;0;0;0;0;0;0;0;0;0;0;0;0;0;0;0;0;0;0;0;0;0;0;0;0;0;0;1;0;0;0;0;0;0;3536;2839;2961;3618;4514;3882;3084;2318;7223;3575;2970;5770;1332;4567;6927;2660;2153;3996;5860;4206;2774;3487;6136;3867;1689
2017-12-19T13:39:45.775;2013-11-10;4726;0;1;95944;143;117;165;175;214;234;186;134;396;153;157;289;58;269;327;153;76;191;297;194;117;142;262;192;85;0;0;0;0;0;0;0;0;0;0;0;0;0;0;0;0;0;0;0;0;0;0;0;0;0;0;0;0;0;0;0;0;0;0;0;0;0;0;0;0;0;0;0;1;0;0;0;0;0;0;3535;2839;2960;3618;4514;3881;3084;2319;7223;3575;2970;5770;1332;4567;6927;2660;2153;3996;5859;4208;2774;3487;6136;3868;1689
2017-12-19T13:39:46.634;2013-11-11;4723;0;1;95952;143;116;166;175;214;234;186;133;395;153;157;288;59;269;327;152;76;191;297;195;117;142;261;192;85;0;0;0;0;0;0;0;0;0;0;0;0;0;0;0;0;0;0;0;0;0;0;0;0;0;0;0;0;0;0;0;0;0;0;0;0;0;0;0;0;0;0;0;1;0;0;0;0;0;0;3535;2840;2960;3618;4514;3882;3084;2320;7223;3575;2970;5772;1332;4567;6927;2660;2153;3996;5859;4209;2774;3487;6138;3868;1689
2017-12-19T13:39:47.368;2013-11-12;4718;0;1;95955;143;116;166;175;214;234;186;133;391;153;156;288;59;269;327;152;76;191;297;195;117;142;261;192;85;0;0;0;0;0;0;0;0;0;0;0;0;0;0;0;0;0;0;0;0;0;0;0;0;0;0;0;0;0;0;0;0;0;0;0;0;0;0;0;0;0;0;0;1;0;0;0;0;0;0;3535;2840;2960;3618;4514;3882;3084;2320;7226;3577;2970;5772;1332;4567;6927;2659;2152;3996;5859;4209;2774;3487;6138;3868;1689
2017-12-19T13:39:48.937;2013-11-13;4713;0;1;95966;143;116;166;174;214;234;186;133;391;154;156;289;59;269;325;152;76;190;297;195;117;141;260;191;85;0;0;0;0;0;0;0;0;0;0;0;0;0;0;0;0;0;0;0;0;0;0;0;0;0;0;0;0;0;0;0;0;0;0;0;0;0;0;0;0;0;0;0;1;0;0;0;0;0;0;3535;2840;2960;3619;4514;3882;3084;2320;7226;3577;2970;5775;1332;4569;6929;2658;2152;3997;5860;4209;2774;3488;6139;3868;1689
2017-12-19T13:39:49.659;2013-11-14;4710;0;1;95970;142;116;166;174;215;234;186;133;391;154;155;287;59;269;325;152;76;190;297;195;117;141;260;191;85;0;0;0;0;0;0;0;0;0;0;0;0;0;0;0;0;0;0;0;0;0;0;0;0;0;0;0;0;0;0;0;0;0;0;0;0;0;0;0;0;0;0;0;1;0;0;0;0;0;0;3536;2840;2960;3619;4514;3882;3084;2320;7227;3577;2971;5777;1332;4569;6929;2658;2152;3997;5860;4209;2774;3487;6139;3868;1689
2017-12-19T13:39:50.377;2013-11-15;4707;0;1;95975;142;116;166;174;214;234;185;133;391;154;155;287;59;270;325;152;76;189;297;195;117;142;259;190;85;0;0;0;0;0;0;0;0;0;0;0;0;0;0;0;0;0;0;0;0;0;0;0;0;0;0;0;0;0;0;0;0;0;0;0;0;0;0;0;0;0;0;0;1;0;0;0;0;0;0;3536;2840;2960;3619;4515;3882;3085;2320;7227;3577;2971;5777;1332;4569;6929;2658;2152;3998;5860;4209;2774;3487;6140;3869;1689
2017-12-19T13:39:51.152;2013-11-16;4705;0;1;95984;142;116;166;174;214;236;186;133;390;155;155;286;58;270;324;151;76;189;297;195;117;142;258;190;85;0;0;0;0;0;0;0;0;0;0;0;0;0;0;0;0;0;0;0;0;0;0;0;0;0;0;0;0;0;0;0;0;0;0;0;0;0;0;0;0;0;0;0;1;0;0;0;0;0;0;3536;2839;2960;3619;4514;3882;3085;2319;7228;3577;2971;5778;1333;4569;6932;2659;2152;4000;5860;4209;2774;3487;6143;3869;1689
2017-12-19T13:39:51.631;2013-11-17;4705;0;1;95989;143;116;166;174;213;235;186;133;390;155;155;286;58;270;324;152;76;190;296;194;117;143;258;190;85;0;0;0;0;0;0;0;0;0;0;0;0;0;0;0;0;0;0;0;0;0;0;0;0;0;0;0;0;0;0;0;0;0;0;0;0;0;0;0;0;0;0;0;1;0;0;0;0;0;0;3536;2839;2960;3619;4515;3883;3084;2319;7228;3577;2971;5778;1333;4569;6932;2659;2152;4003;5861;4210;2774;3486;6143;3869;1689
2017-12-19T13:39:52.841;2013-11-18;4700;0;1;95993;143;116;165;174;213;235;186;132;390;155;155;286;58;271;323;153;76;187;296;193;117;143;258;190;85;0;0;0;0;0;0;0;0;0;0;0;0;0;0;0;0;0;0;0;0;0;0;0;0;0;0;0;0;0;0;0;0;0;0;0;0;0;0;0;0;0;0;0;1;0;0;0;0;0;0;3537;2839;2961;3619;4514;3883;3084;2320;7226;3577;2971;5778;1333;4569;6933;2659;2152;4006;5861;4211;2774;3486;6143;3868;1689
2017-12-19T13:39:53.605;2013-11-19;4696;0;1;95998;142;116;165;174;213;235;185;132;391;155;154;285;57;272;322;153;76;187;296;194;117;143;257;190;85;0;0;0;0;0;0;0;0;0;0;0;0;0;0;0;0;0;0;0;0;0;0;0;0;0;0;0;0;0;0;0;0;0;0;0;0;0;0;0;0;0;0;0;1;0;0;0;0;0;0;3538;2839;2961;3619;4514;3883;3085;2320;7226;3577;2972;5779;1334;4569;6933;2659;2151;4006;5861;4211;2774;3486;6144;3868;1689
2017-12-19T13:39:55.415;2013-11-20;4693;0;1;95998;142;116;165;174;213;235;183;132;391;155;154;285;57;273;322;153;76;187;296;194;117;143;255;190;85;0;0;0;0;0;0;0;0;0;0;0;0;0;0;0;0;0;0;0;0;0;0;0;0;0;0;0;0;0;0;0;0;0;0;0;0;0;0;0;0;0;0;0;1;0;0;0;0;0;0;3537;2839;2961;3619;4514;3883;3087;2320;7226;3576;2972;5779;1334;4569;6933;2659;2151;4005;5861;4211;2774;3486;6145;3868;1689
2017-12-19T13:39:56.092;2013-11-21;4692;0;1;96003;142;116;165;174;213;235;183;132;391;155;154;285;57;273;322;154;76;187;296;194;117;143;255;188;85;0;0;0;0;0;0;0;0;0;0;0;0;0;0;0;0;0;0;0;0;0;0;0;0;0;0;0;0;0;0;0;0;0;0;0;0;0;0;0;0;0;0;0;1;0;0;0;0;0;0;3537;2839;2961;3619;4513;3883;3087;2320;7226;3576;2972;5779;1334;4569;6932;2659;2154;4005;5862;4212;2774;3486;6145;3870;1689
2017-12-19T13:39:56.791;2013-11-22;4689;0;1;96006;142;116;165;174;212;235;182;132;390;155;154;285;57;273;321;154;76;187;297;194;117;143;255;188;85;0;0;0;0;0;0;0;0;0;0;0;0;0;0;0;0;0;0;0;0;0;0;0;0;0;0;0;0;0;0;0;0;0;0;0;0;0;0;0;0;0;0;0;1;0;0;0;0;0;0;3536;2839;2961;3619;4514;3883;3088;2320;7227;3576;2972;5778;1334;4570;6932;2659;2154;4005;5862;4212;2774;3486;6145;3871;1689
2017-12-19T13:39:57.503;2013-11-23;4689;0;1;96006;142;116;165;174;212;235;181;132;390;155;154;286;57;274;322;154;76;187;296;194;117;143;255;187;85;0;0;0;0;0;0;0;0;0;0;0;0;0;0;0;0;0;0;0;0;0;0;0;0;0;0;0;0;0;0;0;0;0;0;0;0;0;0;0;0;0;0;0;1;0;0;0;0;0;0;3536;2839;2961;3619;4514;3883;3089;2320;7227;3576;2971;5778;1334;4570;6931;2659;2154;4005;5863;4212;2773;3484;6147;3872;1689
2017-12-19T13:39:57.996;2013-11-24;4685;0;1;96009;141;116;165;174;213;233;181;132;389;156;153;286;57;274;322;154;76;187;296;194;117;143;255;186;85;0;0;0;0;0;0;0;0;0;0;0;0;0;0;0;0;0;0;0;0;0;0;0;0;0;0;0;0;0;0;0;0;0;0;0;0;0;0;0;0;0;0;0;1;0;0;0;0;0;0;3537;2839;2960;3619;4514;3885;3089;2320;7228;3576;2972;5778;1334;4570;6929;2659;2154;4005;5863;4212;2773;3484;6147;3873;1689
2017-12-19T13:39:58.85;2013-11-25;4685;0;1;96014;141;118;165;173;213;233;181;132;389;156;153;286;57;274;323;154;75;187;295;194;117;143;255;186;85;0;0;0;0;0;0;0;0;0;0;0;0;0;0;0;0;0;0;0;0;0;0;0;0;0;0;0;0;0;0;0;0;0;0;0;0;0;0;0;0;0;0;0;1;0;0;0;0;0;0;3537;2839;2960;3620;4514;3884;3089;2320;7228;3576;2971;5778;1334;4570;6932;2659;2155;4005;5864;4212;2773;3484;6147;3874;1689
2017-12-19T13:39:59.497;2013-11-26;4683;0;1;96014;141;118;165;173;213;233;181;132;389;155;153;286;57;274;322;154;75;187;295;194;117;143;255;186;85;0;0;0;0;0;0;0;0;0;0;0;0;0;0;0;0;0;0;0;0;0;0;0;0;0;0;0;0;0;0;0;0;0;0;0;0;0;0;0;0;0;0;0;1;0;0;0;0;0;0;3537;2839;2960;3620;4514;3884;3088;2320;7228;3577;2971;5778;1334;4570;6932;2659;2155;4005;5864;4212;2773;3484;6147;3874;1689
2017-12-19T13:40:00.229;2013-11-27;4680;0;1;96021;141;118;165;173;212;231;181;132;390;155;153;286;57;274;320;154;75;187;295;194;117;144;255;186;85;0;0;0;0;0;0;0;0;0;0;0;0;0;0;0;0;0;0;0;0;0;0;0;0;0;0;0;0;0;0;0;0;0;0;0;0;0;0;0;0;0;0;0;1;0;0;0;0;0;0;3536;2838;2960;3620;4515;3886;3088;2320;7228;3577;2971;5778;1334;4570;6934;2659;2155;4005;5864;4212;2773;3484;6151;3874;1689
2017-12-19T13:40:01.614;2013-11-28;4679;0;1;96022;141;118;165;173;212;231;181;132;390;155;153;286;57;274;320;155;75;186;295;193;117;144;255;186;85;0;0;0;0;0;0;0;0;0;0;0;0;0;0;0;0;0;0;0;0;0;0;0;0;0;0;0;0;0;0;0;0;0;0;0;0;0;0;0;0;0;0;0;1;0;0;0;0;0;0;3536;2838;2960;3620;4515;3886;3088;2320;7228;3577;2971;5778;1334;4570;6934;2659;2155;4006;5865;4214;2773;3484;6149;3873;1689
